mark,g669579,g669039,g659444,g660128,g553924,g660090,g650611,g654182,g660981,g553426,g650375,g623127,g650594,g607289,g668799,g660829,g660255,g654293,g650667,g618706,g613547,g660966,g607645,g610352,g624842,g633944,g659635,g584104,g630608,g668600,g668749,g650425,g610715,g613391,g669057,g660926,g553627,g630558,g582941,g624662,g617964,g650392,g637649,g633921,g590391,g660650,g594802,g613638,g659590,g660130
1,0.666666667,NA,0.571428571,NA,1,0,0.777777778,1,NA,0,NA,1,0.15625,0.75,0,0.166666667,NA,0.727272727,0.266666667,0.5,1,NA,1,0.333333333,1,0.5,0.25,1,0,NA,NA,0.833333333,0,0,NA,NA,0,1,0.944444444,1,0.625,0.476190476,1,0,0.4,0,1,0.666666667,NA,0.357143
2,NA,1,1,1,NA,1,1,1,1,NA,1,1,1,1,1,1,1,1,1,1,1,1,1,1,NA,1,0.972222222,1,1,1,1,0.952380952,1,1,1,1,1,1,1,1,1,1,1,1,1,1,1,1,1,1
3,1,1,0.52,0.5,0.8,NA,0.7,0,NA,1,0.263157895,0.458333333,NA,0.666666667,1,1,NA,0.259259259,1,1,0.722222222,0,0,1,1,0.65625,0.411764706,0.666666667,0.625,0.25,NA,0.714285714,1,0.24,1,NA,1,1,NA,0,0.5625,1,0.5,0.35,NA,1,0.857142857,0.714285714,0,1
4,1,NA,0.5,1,NA,NA,0.939393939,0.176470588,NA,0.666666667,0.428571429,0.375,1,NA,1,1,NA,0.7,0.714285714,1,0.166666667,NA,1,0.833333333,0.5,0.857142857,0.411764706,1,0.666666667,NA,NA,0.857142857,1,0.363636364,NA,NA,0.1,0.642857143,0.05,0.666666667,1,0.666666667,1,0.266666667,1,1,NA,0.5,1,1
5,1,NA,1,NA,1,NA,1,1,1,1,1,1,1,NA,1,1,1,0.5,1,1,1,1,1,1,1,1,1,1,0.833333333,NA,1,1,1,1,1,1,1,1,1,1,1,1,1,1,1,1,1,1,1,1
6,0.666666667,0,0.714285714,1,0.333333333,NA,0.363636364,1,NA,1,0.583333333,0.956521739,NA,1,0.954545455,1,NA,0.954545455,NA,0.8,0.714285714,NA,0.696969697,1,0,0.833333333,0.769230769,0.666666667,0.75,NA,NA,0.538461538,1,0.8,NA,NA,0,1,0.428571429,0.444444444,0.047619048,0.571428571,0.666666667,1,0.5,1,1,1,1,1
7,1,NA,0,1,1,NA,0,NA,NA,1,0,0.333333333,0,0.2,0.133333333,0,NA,0,NA,0.666666667,1,NA,0,0.333333333,1,0.857142857,0.777777778,0.846153846,1,NA,0.5,0.6,0.733333333,0.75,0.714285714,NA,NA,NA,0.666666667,0,0,0.4,1,1,NA,0.571428571,0.142857143,0.117647059,0.428571429,0.058823529
8,1,NA,1,1,1,1,1,NA,1,1,1,1,1,1,NA,1,NA,1,1,1,1,NA,1,NA,1,1,1,1,1,1,1,1,1,1,1,1,NA,1,1,1,1,1,1,1,1,1,1,1,1,1
9,NA,1,0.6,0.217391304,0.708333333,NA,0.833333333,1,NA,0.846153846,1,0.5,0,0.7,NA,NA,NA,0.5,0,1,0.594594595,0.206896552,1,1,0.8,0.416666667,0.25,0.307692308,1,1,0.2,0.125,NA,0.393939394,NA,0.097560976,1,1,1,1,0,0.4,0.5,0,1,NA,0.9375,0.75,0.1,0.037037037
10,1,1,1,1,1,NA,1,1,1,1,1,1,0,1,1,1,1,1,1,1,1,NA,1,0.833333333,1,1,0.875,1,1,NA,1,1,1,0.941176471,NA,1,NA,0.5,1,1,1,0.947368421,1,NA,1,1,1,1,1,1
11,1,NA,0.25,0.375,0.333333333,0.896551724,0.444444444,NA,1,NA,0,0.444444444,NA,0.666666667,1,0.769230769,1,0.5,0.6,0.666666667,0.545454545,0.571428571,1,1,0.333333333,0.9,1,0,1,NA,0.9375,0.7,1,0.666666667,1,0.878787879,1,0.6,NA,0.44,0,0.272727273,1,1,NA,1,0.333333333,0.142857143,1,0
12,0.076923077,1,0.333333333,0.8,0.5,0,0.9,1,0,0.875,0,0.733333333,0.873684211,1,0.107142857,0.071428571,0.56097561,0.307692308,0.829268293,0.857142857,1,1,0,0,0,0.75,0.8,0,0,1,0,0.333333333,0,0.391304348,NA,0,1,0,0,0,0,NA,0,1,0.84,0,1,0.625,0,0
13,0.571428571,NA,0.666666667,0.5,1,0,0.333333333,1,0.333333333,0.75,0.857142857,0.583333333,0,0.8,0.125,0.133333333,0,0.277777778,0.666666667,0.636363636,0.823529412,0,0.230769231,0.2,1,1,0.666666667,0,0.5,NA,0.333333333,1,0,0.176470588,NA,0,0.5,0.142857143,1,1,0.333333333,0.666666667,0.428571429,0.166666667,0.952380952,0.684210526,1,0.588235294,0,1
14,1,NA,1,1,0.923076923,1,1,1,1,1,1,1,1,1,1,1,1,1,1,1,1,1,1,1,1,1,1,1,1,1,1,1,1,1,1,1,NA,1,1,1,1,1,1,1,NA,1,1,1,1,1
15,1,NA,1,1,1,1,1,1,1,1,1,0.894736842,1,1,1,1,1,1,0.285714286,1,1,1,1,1,1,0.823529412,1,1,1,1,1,1,1,1,1,1,NA,1,1,1,1,1,1,1,NA,1,1,0.285714286,1,1
16,0.25,0,0.5,NA,1,1,1,1,1,1,1,1,0.944444444,0.8,0.9,0.777777778,0.142857143,1,1,0,0.714285714,NA,0.933333333,0.666666667,0.75,1,1,0.75,0.75,NA,0.6,0.8,0.416666667,0.857142857,0,1,1,1,0.916666667,0.833333333,0.5,0.25,0.571428571,0.666666667,0.545454545,0.75,1,1,0.5,0
17,NA,1,1,1,1,NA,0.909090909,1,0.818181818,0.5,0.666666667,1,0.928571429,0.5,0.95,0,0,1,0,NA,0.0625,1,NA,0.666666667,0.5,0,0.909090909,0.727272727,1,NA,0.333333333,0.333333333,0.071428571,NA,NA,NA,NA,0.559322034,1,0,0.25,1,0.8,1,1,0,1,NA,0,0.0625
18,0.929824561,0,1,0,0,NA,0.318181818,NA,1,1,0.555555556,1,1,1,1,1,1,0.727272727,0,0.5,0.454545455,NA,1,0,0.8,1,0.666666667,0.8125,0.962962963,NA,1,0.777777778,1,1,NA,1,NA,0,0.421052632,1,0.173913043,0.5,0.681818182,1,NA,1,0.75,1,1,0.142857143
19,1,1,1,1,1,1,1,1,1,1,1,1,1,1,1,1,1,1,1,NA,1,1,NA,1,0.857142857,1,0,1,1,1,1,1,1,1,1,1,NA,1,1,1,1,1,1,0.964285714,1,1,1,1,1,NA
20,1,NA,0.153846154,NA,0.666666667,1,0,NA,1,1,0.428571429,0,0.294117647,0.25,1,0.857142857,NA,0.5,NA,0.75,0.032258065,NA,0.952380952,1,0.333333333,0,0.363636364,NA,1,NA,1,0.2,1,0.25,1,NA,NA,0.555555556,0.8,0,0.714285714,0.971428571,0.222222222,0.75,1,1,0.75,0,0,0
21,1,NA,0,1,0.727272727,NA,0,1,0,0,0.5,0.428571429,0,0.5,0,0,NA,0.083333333,1,NA,0.8,NA,0,0,0,0.388888889,0.959183673,0.090909091,0,NA,0,0,0,0.692307692,0,0,0,0,0.470588235,0.714285714,0.272727273,0.666666667,0.1,1,1,0,0.75,0.409090909,0,0.16
22,1,NA,NA,1,NA,NA,1,1,NA,1,1,NA,1,1,NA,1,NA,NA,1,1,1,NA,1,1,1,1,NA,1,1,NA,1,1,NA,1,NA,NA,1,1,1,1,1,1,1,NA,1,NA,1,1,1,1
23,NA,1,0.679245283,0.857142857,1,NA,1,0.6,NA,1,0.951219512,0.783783784,1,0.823529412,NA,NA,NA,0.814814815,0.5,0.857142857,0.777777778,0.916666667,NA,0.916666667,1,0.619047619,0.641025641,1,0,NA,NA,0.84375,1,0.925925926,NA,NA,0.666666667,0.964285714,1,0.932432432,1,0.95,0.666666667,0.810810811,NA,NA,0.972972973,0.977272727,NA,0.977777778
24,NA,NA,0.666666667,1,0.916666667,0.888888889,1,0.95,0,1,0.8,1,1,0.5,0,1,NA,0.125,NA,1,1,NA,0.333333333,0,0.642857143,0.5,0,0.571428571,0.7,NA,0.444444444,0.714285714,0,0.714285714,0.2,1,1,1,1,1,0.8,0.5,0,0,1,0,0.5,0.8,0,0
25,0,0,0.703703704,0.875,0.769230769,0,0.222222222,1,0,0.75,0.5,0.636363636,0.444444444,0.666666667,0,0.4,NA,0.75,0.6,0,0.8,0,0.714285714,1,1,0.681818182,1,1,0.666666667,NA,0.125,0.538461538,1,0.571428571,0,NA,0,0.833333333,1,0,1,0.666666667,1,0.102564103,1,0,0.666666667,0.526315789,NA,1
26,NA,1,0,0.5,0.733333333,NA,0,1,NA,1,1,0.25,NA,0,NA,0,NA,0,0,0.285714286,0.444444444,NA,1,0.818181818,1,0.444444444,0,0,0,NA,0.5,0,NA,0.166666667,NA,NA,0.454545455,1,0.947368421,1,0.4,0,0.333333333,0,NA,NA,0.666666667,NA,NA,1
27,1,NA,1,1,1,1,1,NA,NA,1,1,1,1,1,0.333333333,0.25,1,1,1,1,1,1,1,1,1,1,1,1,1,NA,1,1,1,1,NA,NA,1,1,1,1,1,1,1,1,1,1,1,1,NA,1
28,1,1,0.727272727,1,1,NA,1,1,1,1,1,1,1,1,1,1,1,1,1,1,1,NA,1,1,1,1,1,1,1,1,1,1,1,1,1,1,1,1,1,1,1,1,1,NA,1,1,1,1,1,1
29,0,NA,1,0.5,0.333333333,NA,1,0,0.125,0.666666667,1,0.692307692,0,1,0,0.25,0,0.818181818,1,1,0.5,0.375,0,1,1,0.714285714,0.714285714,0,0,0.111111111,1,1,0.25,1,NA,NA,0,0.333333333,0.307692308,0.307692308,0.857142857,0.3,0,1,NA,0.5,1,0.666666667,NA,1
30,1,0.75,0,0,0.333333333,0.777777778,0.75,1,1,0.333333333,1,0.769230769,0.166666667,0.25,0.333333333,1,NA,0.3125,0.571428571,1,0.5,0.75,0.277777778,0.3,0,0.4,0.1,0.083333333,0.5,1,0.727272727,0.333333333,NA,0.8,NA,1,1,1,0.666666667,1,0.466666667,0.4,0,0,1,0.833333333,0.4375,0.363636364,1,0.8
31,NA,1,0.923076923,0,1,NA,0.4,0,NA,0.25,0.130434783,0.25,0,1,1,0.833333333,1,0.6,NA,0,0.153846154,NA,0.333333333,0.5,0.416666667,0.75,0,0.5,NA,NA,0.5,0.352941176,0.5,0.777777778,NA,NA,1,0.818181818,0,0.727272727,0.5,0.714285714,0,0.181818182,0,NA,0.2,0.6,NA,0
32,1,NA,1,NA,1,NA,1,NA,NA,1,NA,1,1,1,1,1,1,1,1,1,1,NA,1,1,1,1,1,1,1,NA,NA,1,1,1,NA,NA,1,1,1,1,0.9,1,1,1,1,1,NA,1,1,1
33,1,NA,1,NA,1,NA,1,NA,NA,1,NA,1,1,1,1,1,1,1,1,1,1,NA,1,1,1,1,1,1,1,NA,NA,1,0.846153846,1,NA,NA,1,1,1,1,0.9,1,1,1,1,1,NA,1,1,1
34,0.6,NA,0.777777778,NA,0,NA,0.739130435,NA,NA,0.857142857,1,0.285714286,0.75,1,0.142857143,0.2,0,0.2,0.25,0,0.666666667,NA,1,0.333333333,1,0.416666667,0.75,0.785714286,1,NA,0.333333333,0.727272727,0.222222222,1,NA,0.6,0.714285714,1,1,0.857142857,0.333333333,0.285714286,0.375,0,0,0.333333333,0.5,0.333333333,0.625,NA
35,NA,0.333333333,0.75,0.4,0.333333333,0,1,0,1,0.769230769,0.6,0.8,NA,0.722222222,0.25,0.4,0.25,1,0,0.4,NA,0.5,0.25,1,0.666666667,0.571428571,0.875,0.4,0,1,0.5,0.714285714,0.375,0.625,0,0.25,0.5,1,0.7,1,0.076923077,0.75,0.25,0.909090909,0.047619048,0.428571429,0.266666667,0.625,0.4,1
36,1,1,0.111111111,0.090909091,0.818181818,NA,0.555555556,1,NA,0,1,0.105263158,NA,0.125,1,1,1,0.428571429,1,0.363636364,1,NA,0.4,1,1,0.24,0.25,1,0.909090909,NA,1,0.545454545,0.916666667,0.407407407,1,NA,NA,0,1,1,0.6,0.888888889,1,0,1,1,0.142857143,0,1,0.733333333
37,1,0,0.294117647,0.5,0.285714286,0,0.222222222,NA,1,0.666666667,NA,0.285714286,1,0.071428571,1,0.666666667,0,0.352941176,0.555555556,0,1,0,NA,1,0,0.529411765,0.5,0.733333333,0.571428571,1,0.384615385,0.769230769,0.1,0.166666667,0.5,1,0.142857143,0,NA,0,0.75,0.222222222,1,0.684210526,0.933333333,1,0.533333333,0.318181818,0.923076923,0.68
38,1,1,1,1,1,NA,1,1,NA,1,1,1,1,1,1,1,NA,1,1,1,1,1,1,NA,1,1,1,1,1,NA,1,1,1,1,NA,NA,1,1,1,1,1,1,1,1,1,1,1,1,NA,1
39,0.444444444,NA,0.652173913,NA,0.5,NA,0,1,1,0.5,1,0.428571429,0.727272727,0.666666667,0.357142857,0.764705882,0.333333333,0.222222222,0,1,0.9375,NA,1,0.2,1,0.842105263,0.434782609,1,1,NA,0.666666667,0.461538462,0.115384615,0.647058824,NA,1,0.666666667,1,0.923076923,0.476190476,0.923076923,0.913043478,1,0,1,0.5,NA,0.666666667,0.533333333,1
40,0,1,0.235294118,0.571428571,1,0.368932039,NA,NA,1,0,0.875,0.333333333,1,0.8,0.260869565,0.555555556,0.038461538,0,0.916666667,1,0.9,0.2,1,1,0.909090909,0.083333333,0.6,0.6,0.6,0.5,0.529411765,0.375,0.470588235,0.636363636,1,0.162162162,NA,0.15,1,1,0.75,NA,1,0,NA,0.5,1,0,1,0
41,0.827586207,0.25,0.315789474,0.845070423,0.863636364,1,1,NA,0.987012987,0.785714286,0.2,0.4,0.575757576,0.695652174,1,1,1,0.68,0.147058824,0.634146341,0.125,1,1,0.404255319,1,0.586206897,0.875,0.526315789,1,0.428571429,1,0.416666667,0.833333333,0.633333333,NA,1,1,1,1,NA,0.19047619,0.491803279,1,0.048387097,0.023809524,1,0.5,0.647058824,1,0.875
42,1,1,1,1,1,1,NA,1,1,1,1,NA,1,1,0.888888889,1,NA,1,1,1,1,NA,1,1,0.666666667,1,0.916666667,1,1,NA,1,1,1,1,1,NA,1,1,1,1,1,1,NA,1,1,1,1,1,1,1
43,NA,NA,1,NA,1,NA,1,1,NA,1,NA,1,1,1,NA,1,1,1,1,1,0.75,NA,1,1,1,1,1,1,1,NA,NA,1,1,1,1,1,NA,1,1,1,1,1,1,NA,1,1,1,1,1,1
44,NA,1,0.5,0.375,0.692307692,NA,0.666666667,1,NA,0.4,1,0.25,0.181818182,0.5,1,NA,0,0.2,0,0.818181818,0.642857143,NA,0.333333333,1,0.8,0.076923077,0.333333333,0.7,0,NA,NA,0.375,1,0,0,NA,0,1,1,1,0,0.333333333,NA,0,0.666666667,1,0,1,NA,0
45,1,0,0.555555556,0.25,0.5,NA,0,0.272727273,1,1,1,0.285714286,1,0.6,0.666666667,0.833333333,1,0.5,0,0.142857143,0.75,NA,1,1,1,0.444444444,0.142857143,0.416666667,0.961538462,1,1,0.125,1,0.5,0.666666667,0.928571429,NA,1,1,1,0.8,1,0.2,0.285714286,1,1,1,0.222222222,1,0
46,0.636363636,NA,0.916666667,1,0.8,0,0.807692308,1,NA,0.5,1,1,0.25,0.714285714,0,0,NA,0.5625,0.363636364,NA,1,NA,0.272727273,0.2,1,0.545454545,0.5,0.833333333,0,NA,NA,1,0,0.285714286,NA,NA,0,1,0.92,0.9,0.75,0.5,1,0,0.363636364,0,0.8,0.5,NA,0.619047619
47,0,NA,0.6,1,1,NA,0.2,0.083333333,NA,0.388888889,0.277777778,0.166666667,0.5,NA,0.545454545,0.733333333,1,0.333333333,0.933333333,0.625,0.833333333,NA,0.75,0.571428571,0.352941176,0.909090909,0,1,0.333333333,NA,0.833333333,0.777777778,0,0.75,NA,1,1,0.7,0.777777778,0.902439024,0.75,0.25,0.363636364,0,NA,0.555555556,0.333333333,0.4,NA,1
48,0,NA,0.2,NA,0,NA,0,0.966666667,0,NA,0.6,0.25,0.625,0.166666667,0.307692308,0,1,0,0.571428571,0,0,NA,0,0,0,0.375,0.166666667,0.571428571,0,NA,0,0,0,0.25,NA,NA,0,0,0.3125,0,1,0.066666667,0,0,0,0,0.25,0.571428571,0,0.125
49,1,1,1,1,1,1,1,1,1,1,1,1,1,1,1,1,1,1,1,1,NA,1,1,1,1,0.944444444,1,1,1,1,1,1,1,1,1,1,0.973684211,1,1,NA,1,NA,1,NA,1,1,1,1,1,1
50,1,0.833333333,0.875,0.724137931,0.1,1,0.25,1,1,NA,1,0.636363636,1,0.25,0.333333333,1,1,1,0,0.428571429,1,1,1,1,1,0.375,0.555555556,0.5,1,NA,1,0.5,1,0.333333333,1,1,1,0.352941176,1,1,1,0.793103448,0.6875,0.384615385,0.5,1,0.75,0.375,1,0.071428571
51,1,0.111111111,0.2,0,0.2,1,0.1875,0,NA,0,0,1,0.909090909,0.5,0.833333333,0.9,0,0.444444444,0.880952381,0.4,0.857142857,NA,NA,0,NA,0.888888889,0.454545455,0.222222222,1,0,0,0.636363636,1,0,1,NA,0,0,0.5,0,0.5,1,0,0,0.166666667,1,0,0.428571429,NA,0.666666667
52,0.5,1,0.833333333,0,0.25,1,0,1,1,1,1,0.6,0.631578947,0,0.8125,0.538461538,1,0.75,0,NA,1,0,1,0.375,1,0.454545455,0.727272727,0.5,0.884615385,NA,0.875,0.363636364,0.769230769,1,1,0.75,NA,0.8,1,1,0.357142857,1,0.333333333,NA,0.774193548,0.833333333,0,0.6,1,0.307692308
53,1,0.2,0.368421053,1,0.5,1,1,1,1,0.25,1,0.565217391,1,0.810810811,NA,0.708333333,NA,0.222222222,0,0.16,0.6,0.4,0,1,1,0.363636364,0.1875,0.333333333,0.125,1,1,0.678571429,0.947368421,0.652173913,1,1,0.857142857,0,0.5,0,0.888888889,1,1,1,1,1,0.56,0.130434783,1,1
54,0,0.75,0.5,1,0.5,0.833333333,0,1,0.954545455,0.25,1,NA,1,1,0.24,1,1,0.333333333,0,0,0.807692308,1,1,0,1,0.333333333,NA,0.076923077,1,1,0.923076923,1,1,0.384615385,NA,1,0,1,NA,1,0.24137931,1,0.625,NA,1,0.6,0.5,1,1,0.315789474
55,1,NA,1,NA,NA,NA,1,1,NA,1,1,1,1,1,1,1,1,1,1,1,1,NA,1,1,1,1,1,1,1,NA,1,1,1,1,NA,1,1,1,1,1,1,1,0.9,NA,1,1,1,1,1,1
56,0.076923077,NA,1,0.9375,NA,0,1,0,0.2,NA,0,0.777777778,0.862068966,1,0.615384615,0.090909091,0,1,NA,1,0.428571429,0,0,1,0,0.625,0.384615385,0.3,0.4,1,0.222222222,0.5,0.625,0,0,0,0,0.631578947,0.1,0,0.6,0.875,0.136363636,0.6,0.15,0.176470588,0.666666667,0.777777778,0,0.117647059
57,1,NA,0,NA,0,NA,0,0.529411765,1,0.285714286,0.75,0,1,0,1,0.888888889,1,0,0.176470588,0.857142857,0.5,NA,0.6,0,1,0.555555556,0,0.333333333,1,NA,1,0.4,0.9,0.25,NA,1,0.25,0.4,0.7,0.954545455,0.25,0,1,0,0.75,1,1,0.25,0.9375,0.5
58,1,0.666666667,0.904761905,0,1,0,0.421052632,1,0.2,0.666666667,0.125,0.7,0.333333333,1,1,0.571428571,0,0.7,1,1,0.875,0.5,0.9,1,1,0.611111111,0.916666667,0,0.333333333,NA,0.2,1,0.2,0.363636364,0.25,0,0,1,1,0.6,1,0.875,0.1,0.777777778,1,0,0.333333333,0.666666667,0,0.625
59,0,0,0.5,NA,0.111111111,NA,0.318181818,0.038461538,NA,0,0,0.738095238,0.375,0.352941176,0.333333333,0,0,0.781818182,1,0.884615385,0.714285714,NA,0,1,0,0.727272727,0.666666667,1,1,NA,0,0.95,1,0.631578947,NA,1,0,0,0,0,1,0.45,1,0.451612903,0.357142857,0.5,0.352941176,0.533333333,NA,1
60,0,0,0.5,NA,0.111111111,NA,0.318181818,0.038461538,NA,0,0,0.738095238,0.375,0.352941176,0.333333333,0,0,0.781818182,1,0.884615385,0.714285714,NA,0,1,0,0.727272727,0.651162791,1,1,NA,0,0.95,1,0.631578947,NA,1,0,0,0,0,1,0.45,1,0.451612903,0.357142857,0.5,0.352941176,0.533333333,NA,1
61,1,NA,1,NA,1,NA,1,1,NA,1,1,1,1,1,1,1,NA,1,1,1,1,NA,1,1,1,1,1,1,1,NA,1,1,1,1,NA,1,NA,1,1,1,1,1,1,1,1,1,1,1,1,1
62,0,NA,0.947368421,NA,0.5,NA,0.9,1,NA,1,0.923076923,0.833333333,0.948717949,1,0,0.142857143,0,1,1,0.333333333,0.5,NA,0.888888889,1,0.909090909,0.941176471,0.714285714,0.571428571,0.5,NA,0.6,0.777777778,0,1,NA,NA,NA,0.827586207,1,1,0.333333333,0.916666667,0.944444444,1,0.842105263,0.666666667,1,1,0.6,0.555555556
63,NA,1,1,1,1,1,1,1,1,0.8125,1,1,1,1,NA,1,NA,1,1,1,1,1,1,1,0.9375,1,1,1,1,1,1,1,NA,0.956521739,NA,NA,1,1,1,1,1,0.875,1,1,1,NA,1,1,NA,NA
64,1,1,1,1,0.928571429,NA,1,NA,NA,1,1,1,1,1,1,1,1,1,1,1,1,NA,1,1,1,1,0.75,1,1,NA,NA,1,1,1,NA,1,1,1,NA,1,1,1,NA,1,1,1,1,1,1,1
65,0.857142857,NA,0.3,NA,0.333333333,NA,0.666666667,1,NA,1,1,0.142857143,0.142857143,0.125,1,1,1,0.263157895,0,0.6,0.333333333,NA,1,NA,1,0.6,0.615384615,0.833333333,0.933333333,NA,1,0.222222222,1,0.416666667,NA,NA,0,1,1,1,0.166666667,0.75,1,0.411764706,0,1,0.166666667,0.454545455,1,0.5
66,1,1,1,1,1,NA,1,1,1,1,1,1,1,1,1,1,1,1,1,1,1,NA,1,1,1,1,1,1,1,1,1,1,1,1,1,1,NA,1,1,1,1,1,1,1,1,1,1,1,1,1
67,NA,NA,0.7,0,0.388888889,NA,0,0,NA,1,0,0.857142857,0.6,1,NA,NA,NA,0.714285714,1,1,0.5,NA,1,0.777777778,0,0.785714286,1,0.684210526,1,1,NA,0.785714286,1,0.894736842,NA,1,0.357142857,0,0.090909091,0,0.592592593,1,0.923076923,1,0,1,0.7,1,1,0.041666667
68,0,NA,0,0,0,0,0,NA,0,0,0,0,0,0,0,0,0,0,0,0,0,NA,0,0,0,0,0,0,0,NA,0,0,0,0,0,0,NA,0,0,0,0,0,0,0,0,0,0,0,0,0
69,1,0,NA,0.571428571,0.842105263,1,NA,1,1,1,1,1,0,1,1,0.875,NA,1,NA,1,0,NA,0.772727273,0.666666667,0.714285714,0.8,NA,0.6,0.857142857,1,0.535714286,0.6,1,0.8125,1,0,1,0,0.555555556,0.857142857,0.222222222,1,0.692307692,1,0.684210526,1,0.461538462,NA,NA,1
70,1,1,0.3,NA,0,NA,0.066666667,NA,NA,0.615384615,1,0.416666667,0.6,0.52173913,NA,0.444444444,NA,0.176470588,0.333333333,0.666666667,1,NA,0.5,0,1,0.75,0.384615385,0.5,1,NA,1,0.588235294,0.5,0.636363636,NA,NA,0.8125,1,1,1,0.7,0.2,1,0.19047619,1,0,0.666666667,0.636363636,NA,0.722222222
71,1,NA,0.454545455,0,1,NA,0.083333333,1,NA,0.933333333,NA,0.615384615,0.8,0.444444444,1,0.666666667,NA,0.583333333,0.75,1,0,NA,1,1,0,0.7,0.470588235,0.428571429,0,0,0,0.6875,0.666666667,0.6,NA,NA,1,1,1,1,1,0.5,1,0,1,0.666666667,0.5,0.363636364,NA,NA
72,1,1,0.886363636,1,1,1,1,1,1,1,NA,0.466666667,NA,1,1,1,1,1,1,1,1,1,1,1,1,1,1,1,1,1,1,1,1,1,1,1,NA,1,1,1,1,1,1,1,1,1,1,0.888888889,1,1
73,NA,NA,1,0.419354839,0.666666667,0,0.666666667,0,0,0.666666667,0.571428571,0.8,1,0.571428571,0,0.142857143,0,0.523809524,NA,0,0.375,0.24,NA,0.428571429,0,0.333333333,0.869565217,0.705882353,0.8,0.454545455,0,0,0.166666667,0.090909091,0,0,0,0,0,0.5625,0.4375,0.833333333,NA,0,0.857142857,0,0.25,0.615384615,0.666666667,0
74,1,1,1,1,0.727272727,NA,1,1,NA,1,1,1,1,1,1,1,1,1,NA,1,1,NA,1,1,1,0.857142857,1,1,1,1,1,1,1,1,1,1,1,1,1,1,1,NA,1,1,1,NA,1,1,1,1
75,1,NA,0.4,NA,0.75,NA,1,1,NA,0.8,NA,0.636363636,0.631578947,0.571428571,1,NA,NA,0.111111111,NA,1,1,NA,0,1,0.5,0.166666667,1,1,1,NA,1,0.52,NA,0.75,NA,NA,0.8,1,1,1,1,1,1,0,1,1,0.875,0.571428571,0.4,0.55
76,0.454545455,NA,0.3125,1,1,NA,1,0,1,1,1,0.842105263,0.444444444,0.571428571,0.272727273,0.333333333,0.7,0,0.948717949,0.666666667,0.363636364,NA,0.666666667,NA,0.842105263,0.625,0.5,1,0.615384615,NA,0.363636364,0.8,0.954545455,1,0,NA,0.647058824,0.818181818,0.818181818,0.852941176,0.571428571,0,1,NA,0.428571429,0.714285714,0.5,0.714285714,0,NA
77,0,NA,0.789473684,0,1,NA,0.875,NA,NA,0.5,1,0.272727273,1,0.333333333,NA,0.1875,1,0.529411765,0.95,0.625,0.375,NA,NA,0.909090909,NA,0.461538462,0.441176471,0.454545455,0.625,NA,0,0.25,0,0.083333333,NA,NA,1,0.333333333,0,1,0.842105263,0.5,0.5,0,0,0,0.9,0.272727273,NA,0.857142857
78,1,0,0.818181818,0.555555556,0.615384615,0,1,1,0.714285714,0.333333333,1,0.75,0,0.6,1,0.5,0,0.375,0.178571429,0.95,0.571428571,1,1,1,1,0.833333333,1,0.25,0,0.636363636,0.47826087,1,0.5,0.5,1,1,0.038461538,0.8,1,1,0.714285714,0.142857143,1,NA,1,1,0.5,0.833333333,NA,1
79,0,0.5,0.3,0.75,0.615384615,0,1,1,0.666666667,0.214285714,0.2,0.8,NA,0.777777778,0,0.666666667,0.304347826,0.818181818,0.454545455,0.333333333,0.888888889,NA,0.818181818,0.444444444,0.8,0.125,0.769230769,0.6,0,0,0.666666667,0.857142857,0.5,0.7,0.5,1,0,0.8,0.647058824,1,0.7,0.8,1,0.333333333,0.666666667,0.5,0.785714286,0.642857143,0.8,0.727272727
80,0,0.5,0.473684211,1,1,NA,0.25,NA,NA,0.666666667,1,1,0,0.571428571,0,0,0,1,1,0.75,0.4,1,0,0.5,NA,0.444444444,1,0.5,NA,0,0,0.5,0.166666667,0.75,0,1,NA,0,1,0.5,1,1,0.75,1,1,0,1,0.9,NA,1
81,NA,0,0.25,0.875,1,0,1,NA,1,0,0,0.466666667,0,0.769230769,0,0,0,0.833333333,NA,0.65,0.153846154,0,NA,1,0.777777778,0.875,0.833333333,0.090909091,0.333333333,1,0.2,0.666666667,0.5,0.375,0,NA,0,NA,0.3,0,0,0.857142857,NA,0,NA,0,0.466666667,0.727272727,0,0.666666667
82,0,NA,1,NA,0.2,NA,1,NA,NA,1,0,1,0,1,0,0,0,0.4,0,0.384615385,0,NA,0,0.555555556,1,0.766666667,1,0,0,NA,NA,0.952380952,0.125,1,NA,NA,1,0.16,NA,NA,0,0.5,0.2,1,0.4,0,1,1,NA,1
83,1,1,0.769230769,0.142857143,1,NA,NA,1,NA,1,0.666666667,NA,1,1,1,0.8,1,0.666666667,0,0,0.909090909,1,1,0.352941176,0.4,0.428571429,0.875,0.2,0.666666667,NA,0.857142857,0.142857143,1,1,1,1,NA,0.25,0.636363636,NA,0.692307692,0,0.6,0.75,0.916666667,1,0.375,1,1,0.25
84,1,1,1,1,1,NA,NA,1,NA,1,1,NA,1,1,1,1,1,0.666666667,1,1,1,1,1,1,1,0.857142857,0.5,1,1,NA,1,1,1,1,1,1,NA,1,1,NA,1,1,1,1,1,1,1,1,1,1
85,1,1,0.956521739,1,1,1,1,NA,1,1,1,1,1,1,1,NA,NA,0.944444444,1,1,1,1,1,1,1,1,1,1,1,0.25,1,1,NA,0.75,NA,1,1,1,1,1,1,1,NA,1,1,NA,1,1,NA,1
86,1,NA,1,1,1,NA,1,NA,1,1,1,1,1,1,1,1,1,1,1,1,1,1,1,1,1,0.764705882,1,1,1,NA,1,1,1,1,1,1,1,1,1,1,1,1,1,1,1,1,1,1,1,1
87,1,NA,0.444444444,NA,0.25,NA,0.71875,NA,NA,0,0.846153846,0.724137931,0.6,0.744186047,1,1,1,0.530612245,0.4,0.25,0.571428571,NA,1,NA,1,0.367346939,0.578947368,NA,1,NA,0.5,0.56,1,0.838709677,NA,1,1,0.071428571,1,0.909090909,1,0.891304348,1,0.884615385,NA,1,0.272727273,0.655172414,1,1
88,1,NA,1,1,1,1,1,NA,1,1,1,1,1,1,1,1,1,1,NA,1,0.5,NA,1,NA,1,1,1,1,1,NA,1,1,1,1,1,1,1,1,1,NA,1,NA,1,1,0,1,1,1,1,1
89,1,NA,1,1,1,NA,1,1,NA,1,1,1,NA,1,1,1,NA,1,1,1,1,NA,1,1,1,1,1,1,1,NA,1,1,1,1,NA,1,NA,0.923076923,1,1,1,1,1,1,1,1,1,1,1,1
90,0.163265306,1,0.272727273,0.107142857,0.785714286,0.108695652,0.636363636,NA,0.321428571,0.5,1,1,1,1,0.941176471,0.074626866,0,0.238095238,0.181034483,0.5,0.452380952,1,0.564102564,1,1,0.764705882,0,1,0.588235294,NA,0.35,1,0.269230769,0.526315789,0.5,0.928571429,1,1,NA,1,1,0.8,1,NA,1,0.31372549,0.25,0.2,0.222222222,1
91,0.931034483,0.866666667,1,0.564102564,0.4,0.833333333,0.461538462,0.304347826,1,0,0.292682927,0.4,1,1,0.625,0.933333333,1,0.333333333,1,0.875,0.571428571,0.452380952,0.916666667,NA,1,0.25,NA,NA,0.6,0,0.962962963,0.5,0.954545455,0.285714286,0.842592593,1,0,0.393939394,0.125,0.263157895,0.769230769,NA,1,0.666666667,NA,1,0.25,1,1,NA
92,0.517241379,0.133333333,0.666666667,0.846153846,0.6,0.555555556,0.769230769,0.913043478,0.448979592,1,0.707317073,0.8,0,0.8,0.875,0.8,0.5,1,0,0.75,0.714285714,0.571428571,0.25,NA,0.571428571,0.833333333,NA,NA,0.8,1,0.518518519,0.833333333,0.318181818,0.857142857,0.740740741,0.476190476,1,0.757575758,0.9375,0.736842105,0.769230769,NA,0.4375,1,NA,0.222222222,0.75,0.75,0.2,NA
93,1,1,1,0.8,0.4,NA,1,NA,0,0.888888889,0.5,0,0.769230769,NA,1,0.777777778,0,NA,1,1,0.375,NA,NA,0.263157895,1,1,0,0.5,1,1,0.7,0.923076923,1,1,1,NA,NA,1,0.166666667,0.5,0.583333333,1,0.909090909,0.5,1,1,0.444444444,NA,1,0.1
94,1,0.5,0.636363636,NA,0,NA,0.058823529,0.0625,1,0.6,1,0,1,0,1,1,1,0.428571429,0.388888889,0.333333333,1,NA,1,0,1,0,0,0.5,1,1,1,0.1,1,0,NA,1,1,1,1,1,1,0,1,0.80952381,1,0.833333333,0.333333333,0,1,1
95,NA,NA,0.6,NA,0.2,NA,0.857142857,NA,NA,0.666666667,1,0.846153846,1,0.333333333,0.666666667,0,0,0.333333333,0.571428571,0,NA,NA,0,1,1,0.363636364,0.25,0.333333333,NA,NA,1,0.882352941,0.5,0.6,NA,NA,0,0.416666667,0.142857143,1,0,0.769230769,0,1,NA,NA,0.166666667,1,0,0.5
96,1,1,0.666666667,0.476190476,0.5,0,NA,0,0.705882353,1,0.8,0.5,1,0.4,0.6,0.714285714,0.666666667,0.846153846,0,1,0.4,0.75,0.705882353,0,0.733333333,0.5625,0.6,0,0.8,1,1,1,0.833333333,0.625,0.25,0.636363636,1,1,0.136363636,NA,1,0.5,0.666666667,1,0,0.6,0.5,1,0.454545455,0.545454545
97,1,0,0.6,0.4,1,0.333333333,0.714285714,0.714285714,0,0,0.538461538,0.923076923,0.846153846,1,0.666666667,0,0.916666667,0,0.6,0,0.307692308,0,0,0.833333333,0,0.666666667,1,NA,0,1,1,0.5,0,0.928571429,NA,0,0.5,0.888888889,0,0.608695652,0.5,0.5,1,0.6,0.666666667,0,1,0.7,0,0.777777778
98,0.994047619,0.089430894,0.258064516,0.781818182,0,0.909090909,1,NA,1,0.722222222,1,0.371428571,1,0.8,0.909090909,1,1,0.369565217,0.072727273,1,1,0.836734694,0.878787879,1,1,0.476190476,0,0.272727273,0.8125,NA,1,0.866666667,0.979591837,0.930232558,1,1,NA,1,0.9375,1,0,0.4,1,0.166666667,1,1,0.529411765,0.222222222,1,0.020408163
99,0,1,0.533333333,0.3,0.485714286,0,1,0,0.222222222,0,0,0.807692308,0,0.977777778,0,0.296296296,0,0.704545455,0.945945946,0,0,1,0,0.333333333,0,0.571428571,0.586206897,0.363636364,0,NA,0.25,0.481481481,0.142857143,0.428571429,0,0,NA,NA,0.034482759,0,0,0.934782609,0.947368421,1,0,0,0.2,0.79245283,0,0.189189189
100,0,1,0.533333333,0.3,0.428571429,0,1,0,0.222222222,0,0,0.807692308,0,0.977777778,0,0.296296296,0,0.704545455,0.945945946,0,0,1,0,0.333333333,0,0.571428571,0.517241379,0.363636364,0,NA,0.25,0.296296296,0.142857143,0.214285714,0,0,NA,NA,0.034482759,0,0,0.934782609,0.947368421,1,0,0,0.2,0.777777778,0,0.189189189
101,0,NA,0.166666667,0,1,1,0.5,0.25,NA,0.6,0.4,0.5,1,0.538461538,1,1,0,0.8,1,1,1,NA,0,1,NA,0.590909091,0.555555556,1,1,NA,1,0.333333333,1,0.3,NA,NA,0,0,0.5,1,0.666666667,1,NA,0.666666667,1,NA,0.5,0.384615385,NA,0
102,0,0.571428571,0.5,0.821428571,0.625,0,0,0,0,0.555555556,0,0.5,0.666666667,0.428571429,0,0.7,0,0.75,0.952380952,0.966666667,0.857142857,0.2,0,0.833333333,0.25,0.5,0,0.959183673,0.5,0.8,0,0,0,0.142857143,0,0.5,0,NA,0,NA,0.785714286,1,1,NA,0.833333333,0,0.8,0.4,0,0
103,1,NA,NA,0,0.833333333,1,0.777777778,1,NA,1,1,0.916666667,0.666666667,0.583333333,1,1,NA,0.75,1,0.818181818,0,NA,0.142857143,1,1,0.642857143,0.4,0.888888889,1,NA,1,0.863636364,0.571428571,0.857142857,NA,NA,0,0.25,1,0.6,0,0.875,0.266666667,0.333333333,0,1,0,0.416666667,NA,0.666666667
104,NA,1,0.4,NA,0.571428571,NA,0,1,0,1,1,0.333333333,NA,0.1,0.666666667,0,NA,0.133333333,1,0.857142857,1,0,0.333333333,0.53125,1,0.266666667,0,0.75,NA,1,1,0.176470588,NA,0.9,1,0,0,0,1,1,0.75,0.642857143,NA,0.466666667,1,NA,0.6,0.153846154,NA,1
105,0.7,1,1,0.5,1,0.8,1,1,0,0.333333333,0.166666667,1,0,1,0.863636364,0.185185185,0.777777778,1,1,0.6,1,1,0,1,0.076923077,1,1,0.5,0.315789474,1,0.5625,0.884615385,0.05,1,0.666666667,0,1,0,1,0,0.444444444,0.428571429,0.8,1,NA,0.428571429,1,1,0,NA
106,1,NA,1,NA,NA,NA,0.8,0.333333333,NA,0,0.363636364,1,0.55,1,1,0.933333333,0.857142857,1,0.111111111,0,0,NA,1,NA,0.72,0.4,1,1,0.923076923,NA,1,0.333333333,0.947368421,0.75,NA,NA,0.090909091,0.636363636,0.142857143,0.666666667,0,0.25,0.25,1,0.2,1,0.222222222,1,1,NA
107,1,1,NA,1,1,NA,1,1,1,1,1,1,1,1,1,1,1,1,1,1,1,1,1,1,1,1,1,1,1,1,1,1,1,NA,1,1,1,1,0.733333333,1,1,1,1,1,1,NA,1,1,1,1
108,1,0,0.660377358,0.011904762,0.625,0.794871795,1,1,0.631578947,0.857142857,0.882352941,0.46031746,0.87804878,0.775510204,0.6,0.7,0.5,0.708333333,1,NA,0.818181818,0.53125,1,0,0.98,0.265306122,1,1,0.938271605,1,1,0.157894737,0.75,0.945945946,0.913043478,0,1,1,1,1,0.967213115,0.032258065,0.125,NA,0.857142857,0.888888889,0.395348837,0.836065574,1,1
109,0.96969697,NA,0.222222222,NA,0,1,0,1,NA,NA,1,1,0.387096774,0.857142857,0.571428571,0.769230769,1,0.384615385,1,0.125,0.681818182,NA,1,1,1,0.266666667,0,0.666666667,1,NA,1,0.875,1,NA,1,1,NA,1,1,1,0.583333333,0.555555556,0.25,0.6,1,0.7,0.5,0.875,0.869565217,1
110,0,NA,0.666666667,0,0.090909091,NA,0.290322581,NA,1,0.333333333,0,0.615384615,0.714285714,0.833333333,1,NA,NA,0.666666667,0,0,1,NA,1,0.588235294,0,0.5,1,0.636363636,0.428571429,NA,1,0.818181818,1,1,NA,1,NA,NA,0,0,0.736842105,1,0.605263158,NA,NA,1,0,0.9375,1,0.703125
111,NA,1,1,1,1,NA,1,1,NA,1,1,1,1,1,1,NA,NA,1,1,NA,1,NA,1,NA,1,1,1,1,1,1,1,1,1,1,NA,1,1,1,1,1,1,0.888888889,1,1,1,1,1,1,NA,NA
112,NA,0,1,1,0.7,NA,1,0.838709677,NA,0.5,0.333333333,0.5,0.842105263,1,1,NA,NA,1,1,NA,1,NA,0.857142857,NA,0.222222222,0.454545455,0.166666667,0.666666667,0.5,1,1,1,1,0.4,NA,1,0,0,0.291666667,0.238095238,0.466666667,0.888888889,0,1,1,1,0.666666667,1,NA,NA
113,NA,1,1,1,1,NA,1,1,NA,1,1,1,1,1,1,NA,NA,1,1,NA,1,NA,1,NA,1,1,1,1,1,1,1,1,1,1,NA,1,1,1,1,1,1,1,1,1,1,1,1,1,NA,NA
114,1,1,0.111111111,0,0.3,1,0,1,1,0.473684211,NA,0,1,0.25,1,1,1,0,0.25,0.666666667,1,0.5,1,0.722222222,0.944444444,0.714285714,0.4,0.75,1,0.47826087,1,0.636363636,1,0.333333333,1,1,0.5,NA,1,1,1,0.5,0.4,0.523809524,1,1,0.666666667,0.545454545,1,1
115,1,NA,0,1,0.6,0.5,0.5,NA,1,0.5,0.8125,1,1,0,0.857142857,1,1,0,0.833333333,0,0,NA,1,0,0.631578947,0,0.125,0.833333333,1,NA,0.666666667,0.642857143,1,1,NA,1,NA,0.5,0,0,0,0,0.090909091,0,1,1,0.333333333,0.545454545,1,0.571428571
116,1,1,1,NA,1,1,1,1,1,1,NA,1,1,1,1,1,1,1,1,1,1,NA,1,1,1,1,1,1,1,NA,1,1,1,1,NA,1,1,1,1,1,1,1,1,1,1,1,1,1,1,1
117,1,1,0.4,NA,0,0.25,0.941176471,1,1,0.666666667,1,0.466666667,1,0.3,1,1,0.588235294,0,1,NA,1,1,0.333333333,1,0.875,0.636363636,0.4375,0.75,0.6,NA,0.875,0.714285714,1,1,0.666666667,1,NA,0,0.166666667,0.75,1,1,0,1,1,1,0,0.789473684,1,NA
118,0,0,0.333333333,1,NA,0.25,0.181818182,0,0,0,0,0.555555556,0.8,0.142857143,0.136363636,0,0,0,0,0.545454545,0,NA,0,0.6,0,0.6,0,0.5,0.3,0,0,0,0,0.25,0,NA,0,0.695652174,0,0,0.142857143,0,0,0.5,0.2,0,0.5,1,0,0
119,1,0,0.666666667,1,NA,0.25,0.636363636,1,0.333333333,0.142857143,0.571428571,0.555555556,1,0.285714286,0.5,0.25,1,1,0.12,0.727272727,1,NA,0.857142857,1,0.454545455,1,0,1,0.3,0,0.2,0.833333333,0,1,0,NA,0.8,0.869565217,0.666666667,1,0.428571429,0.526315789,1,0.5,1,0.166666667,1,1,0,1
120,0.272727273,NA,0.166666667,0,0,NA,0,NA,NA,0.214285714,0,0,1,NA,0.875,0.727272727,1,0.25,0,1,1,NA,1,0,0.416666667,0.1,0,0,1,NA,0.75,0,0.428571429,0,1,0,1,1,0,0,1,0,0.47826087,1,0.8,1,0.083333333,0.181818182,1,0
121,1,1,1,1,1,1,0.5,1,NA,1,1,1,0.833333333,1,1,1,1,0.928571429,NA,1,1,1,1,NA,1,1,1,1,1,1,1,1,0.789473684,1,1,1,1,1,1,1,1,1,1,1,1,1,1,1,1,NA
122,0.8,NA,0.571428571,NA,1,NA,0.75,0.45,NA,0.4,1,0.777777778,0.857142857,0.666666667,0.842105263,0.5,NA,1,1,0.5,0.5,NA,0.7,0,0,0.866666667,0.555555556,1,0.909090909,NA,0,0.923076923,0,0,NA,1,0.222222222,0.7,0.428571429,0.80952381,0.444444444,1,0.75,0.777777778,1,0,0.4,0,0.952380952,0.727272727
123,0.166666667,0,0.5,0,1,NA,0.6,0,NA,0.25,0,0,0.7,0.2,0.208333333,0.2,0,0.8125,0.388888889,0,0.125,NA,0,0.555555556,0,0.3125,0.444444444,0.5,0.444444444,0,0.8,0.5,0.333333333,0.75,NA,0,NA,0.714285714,0.75,0,0.333333333,0.95,1,0.225806452,NA,0.333333333,0.857142857,0,0.3125,0
124,1,NA,0.692307692,1,0.692307692,NA,0.714285714,1,NA,0.923076923,1,0.545454545,0.666666667,1,1,1,0,0.083333333,0.266666667,1,1,NA,1,0,0.428571429,0.75,0.3,0.777777778,1,NA,0.25,0.347826087,1,1,NA,1,0,0.714285714,NA,1,1,1,0.733333333,0.85,1,1,0.7,0.111111111,1,0.64
125,0,0.277777778,0.846153846,1,1,0,1,NA,0.4,1,0.952380952,0.933333333,NA,0.333333333,0,0,NA,0.181818182,0.5,1,0.95,0,0.9,1,0.951219512,1,1,0.833333333,1,0.115384615,0.142857143,1,NA,0.384615385,NA,0,0.833333333,1,0.8,1,0,0.083333333,1,0,1,NA,0.833333333,1,0,0.142857143
126,1,1,0.625,1,1,1,0.660714286,NA,NA,1,0,1,0,0.866666667,0.75,1,NA,0.941176471,0.76,0.4,0.611111111,NA,0.166666667,0.142857143,1,0.466666667,0.619047619,1,1,1,0.8,0.727272727,0.714285714,0.714285714,NA,NA,NA,1,0,NA,1,0.72972973,0.6,1,0,1,0.294117647,1,NA,0.923076923
127,1,0.5,0.5,1,1,1,0.428571429,1,1,0.578947368,1,0,0.941176471,0.2,1,0.583333333,1,0.1,1,1,0.5,NA,1,0.818181818,1,0.333333333,0.25,0.875,0.75,NA,1,0.272727273,1,0,1,1,NA,1,1,1,0.777777778,1,0.6,1,0.052631579,0.875,0.5,0.333333333,1,1
128,1,1,1,0.977777778,1,1,1,1,0.971428571,NA,1,NA,1,1,1,1,1,NA,NA,1,1,1,1,1,1,1,1,1,1,1,1,1,1,1,1,1,NA,1,0.888888889,1,1,1,1,1,1,NA,1,1,NA,1
129,1,1,1,0.897435897,1,1,1,1,1,1,1,NA,1,1,1,1,1,NA,1,1,1,1,1,1,1,1,1,1,1,NA,0.933333333,1,1,1,1,1,NA,1,1,1,1,1,1,1,1,1,1,NA,1,1
130,0,1,0.2,0.8,0.916666667,0.4,0.142857143,1,NA,0.384615385,1,0.666666667,0.9375,0.4,0,NA,NA,0.428571429,0,1,1,0,1,0.222222222,1,0.666666667,0.25,1,1,0.833333333,1,0.5,NA,0.777777778,NA,NA,1,0.769230769,1,1,0.636363636,0.25,0.928571429,1,1,1,0.695652174,0.3,1,0.9
131,NA,1,0.5,0,0.333333333,0,0,1,1,0,1,0.285714286,0,1,1,1,NA,0.444444444,0.777777778,0.5625,NA,NA,0.681818182,0,1,0.4,NA,0.583333333,1,0.277777778,0.904761905,1,0.833333333,0.636363636,1,1,1,1,0.952380952,1,0.7,0,0.32,0.6,NA,0.9,0,0.625,1,0
132,1,1,1,1,0.6875,NA,0.5,0,1,1,0,0.6875,1,0.875,1,1,1,1,1,1,0.382352941,1,0.032258065,0,0.777777778,0.888888889,0.793103448,0.6,0.2,NA,1,0.619047619,NA,0.619047619,NA,1,1,0,0,0,0.846153846,0.865853659,0.473684211,0.757142857,0,1,0.3,0.962962963,0,NA
133,1,1,1,1,1,1,1,1,1,1,1,1,1,1,1,1,1,1,1,1,1,NA,1,1,1,1,1,0.944444444,1,1,1,1,1,1,1,1,1,1,1,1,1,1,1,1,1,1,1,1,1,1
134,NA,NA,1,1,1,NA,1,1,NA,1,1,0.75,1,1,NA,1,NA,0.777777778,1,1,1,1,1,1,1,1,1,1,1,NA,1,1,1,0.571428571,NA,NA,1,1,1,1,1,1,1,1,1,1,1,1,NA,1
135,0,NA,0.8,NA,1,NA,1,0.894736842,NA,0.333333333,0.761904762,0.933333333,0,1,0,0,1,0.866666667,0,0.875,0.571428571,NA,0,0,0.055555556,0.5,1,0.714285714,0.2,NA,0,0.333333333,0,0.625,NA,NA,1,0.6,0.282051282,0.526315789,1,0.888888889,0.666666667,1,0.787878788,0,0.8,1,0,0.842105263
136,1,1,0.666666667,NA,0,1,0.416666667,NA,NA,0,0.111111111,0.1,0.9375,0.416666667,1,1,NA,0.4,0.461538462,0,0,NA,0,0.666666667,0.142857143,0.428571429,0.333333333,0.642857143,0.142857143,NA,1,0.103448276,1,0.25,0,0,0,0.357142857,0.4,0.461538462,0.5,0.333333333,1,1,0.291666667,1,0,0.333333333,NA,0
137,1,1,1,1,1,1,1,1,1,1,1,1,1,1,1,1,1,1,1,1,1,1,1,1,1,1,1,1,1,1,1,1,1,1,1,1,1,1,1,1,1,0.9,1,1,1,1,1,1,1,1
138,1,NA,0.5,1,0.5,NA,0.3,0.454545455,NA,0.5,0.5,0.666666667,1,0.636363636,1,0.928571429,0,0.533333333,0.111111111,0.75,0.375,NA,1,0.333333333,0.95,0.533333333,0.666666667,0.684210526,1,NA,1,0,0.666666667,0,NA,NA,1,0,0.736842105,1,0.428571429,1,0.666666667,0.9,1,1,0.714285714,0.230769231,1,0.5
139,0.285714286,0.666666667,0.666666667,0,0.588235294,NA,0,1,0.714285714,0.625,NA,0.4,0.125,1,0.766666667,1,1,0.666666667,0.357142857,0.307692308,0.470588235,1,1,0.666666667,0.708333333,0.875,1,1,1,0,0.916666667,0.733333333,1,0.6,1,1,NA,0.5,0.5,NA,1,0.5,1,0,0.5,1,0.5,0.428571429,1,1
140,1,NA,0.263157895,NA,0,NA,0.947368421,1,NA,0.5,1,0.166666667,0.9,0,1,0.846153846,0,0,1,0.333333333,0.307692308,NA,1,0.333333333,1,0.411764706,0.333333333,1,1,NA,NA,0.6,0.571428571,0.25,NA,1,1,NA,0.75,0.88,0.785714286,0.956521739,0.636363636,0,0,0.6,0.5,0.142857143,NA,0.642857143
141,0.357142857,NA,0.769230769,NA,0.5,NA,1,0.714285714,NA,0.25,0,0.857142857,0.387096774,1,0,0.222222222,0,0.5,1,0.5,0.181818182,NA,0,1,0.1875,1,0.454545455,0.75,0,NA,0,NA,0.090909091,0.846153846,NA,0,1,0.466666667,0.470588235,0.137931034,0.263157895,1,0.833333333,1,0.666666667,0,0.8,1,NA,0.235294118
142,0,NA,0.518518519,1,0.4375,NA,0.722222222,0,0,NA,0.148148148,0.794871795,0.36,0.540540541,0,0,0,0.925925926,0.4375,0.777777778,0.054054054,NA,1,0,0.176470588,0.692307692,0.484848485,0.933333333,0,NA,0,0.7,0.8,0.755102041,NA,0,1,0,0.013513514,0.813953488,0.75,0.318181818,0.533333333,1,1,1,0.578947368,0.846153846,0,NA
143,0,NA,0.888888889,1,0.838709677,0,0.928571429,1,0,0.9,1,0.333333333,0.666666667,0.380952381,0,0,1,0.545454545,1,1,0.3125,NA,0.916666667,NA,1,0.666666667,0.333333333,0.8125,0,1,0,0.611111111,0,0.909090909,NA,NA,NA,0.6,1,1,0.6,0,1,0.307692308,1,0,0.333333333,0.2,0.666666667,1
144,1,NA,0.666666667,NA,0.142857143,NA,0.916666667,NA,NA,0.625,0.8,0.666666667,1,1,1,1,1,0.3,0.916666667,0,0.888888889,NA,1,0,0.166666667,0.894736842,1,0.125,0.8,NA,1,0.75,1,1,NA,1,1,1,0.666666667,0.428571429,0.9,0.709677419,0.3,0.25,0.4,1,0.666666667,0.875,0.8,1
145,NA,1,1,1,1,1,1,NA,NA,1,1,1,1,1,1,1,1,0.75,1,1,1,1,1,1,NA,0.777777778,1,1,NA,1,1,1,1,0.928571429,1,NA,1,1,1,NA,1,1,1,1,1,1,1,1,NA,1
146,1,NA,1,1,1,1,1,1,1,1,1,1,1,1,NA,1,1,1,1,1,1,NA,1,1,1,1,1,1,1,1,1,1,1,1,NA,1,NA,0.888888889,1,1,1,NA,1,1,1,1,1,1,1,NA
147,0,NA,0.5,1,0.5,NA,0.941176471,NA,NA,0.733333333,0,0.111111111,0.5,0.5,NA,1,0,0.4,1,NA,0,0,0,1,0.666666667,0.555555556,0.75,0.666666667,NA,NA,0.5,0.470588235,0,1,NA,NA,NA,0.5,0,NA,1,0,1,0,0.230769231,0,0.727272727,0.444444444,0,1
148,0,1,1,0,1,0,1,NA,0.181818182,1,NA,1,0.970588235,1,0.15,1,0.466666667,1,1,0.857142857,1,1,0,1,0,0.777777778,1,NA,1,1,0.958333333,1,0.285714286,0.15625,1,1,1,0,1,0,0.25,0.428571429,0,NA,1,0.911764706,0.625,0.7,0.6,0.428571429
149,NA,1,1,1,1,1,1,1,NA,1,NA,1,1,1,1,1,NA,1,0.904761905,1,1,1,1,1,NA,1,1,1,1,1,1,1,NA,1,1,NA,1,1,1,1,1,1,1,NA,1,NA,0.428571429,1,NA,1
150,1,NA,1,1,1,1,1,1,1,1,1,1,1,1,1,1,1,1,1,NA,NA,NA,1,1,1,0.9,1,1,1,NA,1,1,1,1,NA,1,NA,1,1,1,1,1,1,1,1,1,1,1,1,1
151,1,NA,0.1875,NA,0.25,NA,0.416666667,0,NA,1,0.75,0.230769231,0.5625,0.5,0.5,0,0,0.714285714,0,1,0.833333333,1,0,1,1,0.3,0.263157895,0.4,0.333333333,1,0,0.714285714,NA,0.666666667,NA,NA,0,1,0.25,0.857142857,0.75,0,0.75,0,1,0,0.8,0.785714286,0,0
152,0.666666667,NA,0,1,0.5,NA,0.833333333,0.7,0.333333333,0.5,0,0,1,1,0.5,0.5625,0,NA,0.375,0.6,1,NA,0.666666667,0.333333333,0.692307692,0,1,1,0.260869565,0,0.133333333,0.571428571,0.5625,0.25,NA,0.666666667,0,0.333333333,0.625,0.142857143,0.75,0,0.5,NA,0.916666667,0.941176471,NA,0,1,0.851851852
153,1,NA,0.533333333,NA,0.714285714,NA,1,NA,1,0,0,0.692307692,0,0.545454545,0.888888889,1,1,0,0.761904762,0.6,0.5,NA,NA,0,0,0.80952381,0.65,0.2,0.666666667,NA,1,0.222222222,0.875,0.9,NA,NA,NA,0.695652174,0,0,0.8,0.75,0.375,0.5,0,0.333333333,0.666666667,0.466666667,1,0.875
154,1,NA,0.181818182,NA,0.75,1,0.941176471,0,NA,1,0.5,NA,0.763157895,1,0.965517241,1,1,0.375,1,1,0.083333333,NA,0.894736842,1,0.5,0.666666667,0.545454545,1,1,NA,1,0.25,1,0.75,NA,NA,1,NA,0.3,0.285714286,1,1,0.95,1,0.352941176,0.888888889,1,1,1,0.444444444
155,0,0,0.4,0.75,1,0,1,NA,1,0.333333333,0.5,0.888888889,1,0.8,0,0.380952381,0,0.941176471,0,0,1,1,0.047619048,1,0.111111111,1,0.692307692,0.6,0,1,0,1,0,0.272727273,1,0.875,1,1,0,0,1,1,0.727272727,0.75,0.208333333,0.153846154,0.666666667,0.888888889,0.208333333,1
156,1,NA,1,1,1,NA,1,1,NA,1,1,1,1,1,1,1,NA,1,1,1,1,1,1,1,1,1,1,1,1,NA,1,1,NA,1,NA,NA,1,1,1,1,1,1,1,1,1,1,1,1,0.666666667,1
157,1,NA,1,1,1,1,1,NA,1,1,1,1,1,1,NA,1,NA,1,1,1,1,1,1,1,1,1,1,1,1,NA,1,1,1,1,1,1,1,1,0.875,1,1,1,1,1,1,0.977272727,1,1,1,1
158,NA,NA,1,1,1,NA,1,1,NA,1,1,1,1,1,1,NA,NA,1,1,0.947368421,1,NA,1,1,1,1,1,1,NA,1,NA,1,1,1,NA,1,1,1,1,1,1,1,1,1,1,1,1,1,1,1
159,0,1,0.8,1,0.875,NA,1,0.952380952,0,0.5,1,0.6,NA,1,0.181818182,0.117647059,1,0.111111111,0.263157895,1,0.5,NA,0,1,0,0.642857143,0.166666667,1,0.071428571,NA,0.916666667,0.666666667,0.4375,0.3,NA,0,0.545454545,NA,1,0.666666667,1,0.571428571,1,0.416666667,0.956521739,0,0.5,0.5,0.166666667,1
160,1,1,1,0.733333333,0.909090909,0.846153846,0.75,NA,0.4,0.666666667,1,0.5,0.0625,1,1,0.6,1,0.555555556,0.636363636,0.6,0.625,0.083333333,0,NA,0.8,1,0.785714286,0,0,1,0.25,0.8,1,1,0.846153846,NA,NA,1,0.090909091,NA,0.772727273,0,0,0.9,0.333333333,0.75,0.285714286,0.5,1,0
161,1,1,1,1,1,NA,1,1,1,1,1,1,1,1,1,1,NA,NA,1,1,1,1,1,1,1,1,1,1,1,1,1,1,1,1,1,1,1,1,1,1,1,1,1,NA,1,1,1,1,1,1
162,NA,0,0.35483871,1,1,NA,0.142857143,NA,NA,0.333333333,NA,0.285714286,0.428571429,0.142857143,0.9,1,0,0.388888889,0.421052632,0.1,0.777777778,NA,1,1,0.666666667,0.263157895,0,0.9,1,NA,1,0.555555556,NA,0.96,NA,NA,NA,NA,NA,NA,1,0.153846154,0.428571429,0.692307692,0,1,0.818181818,0.153846154,NA,0.107142857
163,1,NA,1,NA,1,1,1,1,1,1,1,1,1,1,1,1,NA,1,1,NA,1,NA,1,1,1,1,1,1,1,1,1,1,1,1,NA,NA,1,1,1,1,1,1,1,1,1,1,1,1,1,0.631578947
164,0,NA,0.928571429,0.777777778,0.666666667,NA,1,0,0,1,0,0.8125,0.857142857,0.8125,0,0.65,0.789473684,0.828571429,0,0.666666667,0.96,1,NA,0,0,0.913043478,0.918918919,0,0,0,0.071428571,0.846153846,0.1875,NA,0,0,NA,0,0,0,0,0.764705882,0,0.946428571,0.862068966,0,0.666666667,0.95,0,0
165,0,0,0,0.413793103,0.636363636,0,NA,NA,0,0,1,0,NA,0.529411765,NA,0,0,0.666666667,0,0,1,0.020833333,0.65625,0.5,0.421052632,0.5,0,0.88,0,0.014084507,0,0,0,1,0,0,0,0.333333333,0.806451613,0.583333333,0.961538462,0,0.846153846,0,0,0.904761905,0.25,0,0,0.825
166,1,1,1,1,1,1,1,NA,1,0.9,1,0.852941176,1,0.888888889,1,1,1,1,1,1,1,1,1,NA,1,1,1,1,1,1,1,1,1,NA,1,1,NA,0.714285714,1,NA,1,NA,1,1,1,1,1,1,1,1
167,0.571428571,0,0.666666667,1,0,0,NA,0,0,0.6,0.285714286,0.8,0.125,0.666666667,1,0.692307692,0.235294118,0.4,1,0.222222222,0.083333333,NA,0.615384615,NA,1,0.375,1,0.2,1,NA,0.454545455,0.5,0.875,0.5,1,1,0,0.666666667,0,0.111111111,0.318181818,0.5,0.466666667,0.25,0.25,0.4375,0.6,0.777777778,1,0
168,0.956521739,NA,1,NA,1,NA,1,1,1,1,1,1,0.9375,1,1,1,1,1,1,1,0.909090909,NA,1,1,1,1,1,1,0.941176471,1,1,1,0.904761905,1,1,1,1,1,1,1,0.833333333,1,1,1,0.928571429,1,1,1,1,1
169,1,1,1,0,0.5,NA,NA,0,NA,0,1,0.714285714,0.558823529,0.5,1,0.6,1,0.5,NA,1,0.75,NA,0.888888889,0.769230769,1,0.384615385,0.75,0.785714286,1,NA,1,0.714285714,1,0,NA,NA,0.631578947,1,0.692307692,1,0.555555556,0.368421053,1,0.727272727,0.3,1,0.6,0.75,0.25,0
170,0.142857143,0,0,0,0,0,0,0,0,0,0,0,0,0,0,0,0,0,0,0,0,0,0,0,0,0,0,0,0,NA,0,0,0,0,0,0,NA,0,0,0,0,0,0,NA,0,0,0,0,0,0
171,1,1,1,1,1,1,1,NA,1,1,1,1,1,1,1,1,1,1,1,1,0.833333333,1,NA,1,NA,1,1,1,1,1,1,1,1,1,1,1,1,1,1,NA,1,1,1,NA,1,1,1,1,1,1
172,1,1,1,1,1,1,1,NA,1,1,0.371428571,1,1,1,1,1,1,1,1,0.807692308,NA,1,1,1,1,1,1,1,1,1,1,1,1,1,1,1,NA,1,1,1,1,1,1,1,1,1,1,1,1,1
173,NA,NA,0.5,0,0.2,NA,0.588235294,1,1,0.4,0.565217391,0,0.526315789,0.6,0.428571429,0.142857143,0.125,0.333333333,1,1,0.2,NA,0,0,0.6,0.4,0.111111111,0.333333333,0.157894737,NA,0.428571429,0.375,0.181818182,1,NA,0,0,0.666666667,0.533333333,0.875,1,0.3125,0.4,0.1,0.16,NA,0.333333333,0,1,0
174,1,1,0.470588235,0.428571429,1,1,0.166666667,1,NA,0.4,1,0.916666667,1,0.615384615,1,1,NA,0.363636364,0.571428571,0.5,1,1,1,0.875,1,0.619047619,0.391304348,0.818181818,1,1,1,0.833333333,1,0.833333333,NA,NA,0.923076923,NA,0.974358974,1,0.875,0.538461538,0.724137931,0.681818182,1,1,0.5,0.923076923,1,0.714285714
175,0.6,0,0,1,0.9,1,0.25,0.333333333,0.333333333,0.5,0.333333333,0.75,0.9,0.333333333,0.928571429,0.357142857,0.4,0.2,0,0,0,0.5,0,0.714285714,0,0.785714286,0.75,0.555555556,0.842105263,NA,0.36,0.818181818,1,0.6,1,0,1,0.333333333,0,0.222222222,0,1,1,0.263157895,0,0.777777778,0.75,0.518518519,0,0.533333333
176,1,1,0.454545455,1,0,1,1,1,1,1,1,1,1,1,1,1,1,1,1,1,1,1,1,1,1,0.952380952,1,1,1,1,1,1,1,1,1,1,NA,1,1,1,1,0.833333333,1,1,1,1,1,1,1,1
177,1,NA,1,NA,1,NA,1,1,NA,1,1,1,NA,1,NA,1,NA,1,1,1,1,NA,1,1,1,1,1,1,1,NA,NA,1,1,1,NA,1,1,1,1,1,1,0.962962963,1,1,1,1,1,1,1,1
178,1,NA,1,NA,1,NA,1,1,NA,1,1,1,NA,1,NA,1,NA,1,1,1,1,NA,1,1,1,1,1,1,1,NA,NA,1,1,1,NA,1,1,1,1,1,1,1,1,1,1,1,0.962962963,1,1,1
179,1,NA,1,NA,1,NA,1,1,NA,1,1,1,NA,0.888888889,NA,1,NA,1,1,1,1,NA,1,1,1,1,1,1,1,NA,NA,1,1,1,NA,1,1,1,0.5,1,1,1,1,1,1,1,1,1,1,1
180,1,NA,1,NA,1,NA,1,1,NA,1,1,1,NA,1,NA,1,NA,1,1,1,1,NA,0.8,1,1,1,1,1,0.75,NA,NA,1,1,1,NA,1,1,1,1,1,1,1,1,1,1,1,1,1,1,1
181,1,NA,1,1,1,1,1,1,NA,1,1,1,1,1,1,1,1,1,1,1,1,1,1,0.666666667,1,0.964285714,1,1,NA,NA,NA,1,1,0.846153846,1,1,1,1,1,1,1,1,1,1,NA,1,1,1,1,1
182,1,NA,0.944444444,1,0.666666667,1,1,1,NA,1,1,1,1,0.928571429,1,1,1,1,1,1,1,1,1,1,1,1,1,1,NA,NA,NA,1,1,1,1,1,1,1,1,1,1,1,1,1,NA,1,1,1,1,1
183,1,1,0.538461538,1,0.5,NA,0.785714286,0.775,NA,NA,0.833333333,0.5,1,0.3,1,0,0,0.818181818,0.5,1,0.642857143,0.5,0.2,0.076923077,0.4,0.5,0.4,0.555555556,1,NA,0.55,0.714285714,0.714285714,0.5,1,1,0,0.875,1,0.857142857,0.6,1,1,0.2,1,1,1,0.666666667,NA,1
184,0.794117647,0,0.5,NA,0.25,NA,0.545454545,0,1,0.6,1,0.5,1,0.615384615,1,0.666666667,1,0.454545455,1,1,1,NA,0.75,1,1,0.1875,0.375,1,0.875,NA,1,0,0.8,0,NA,NA,NA,1,0.941176471,0.8,1,0,1,0,NA,0.25,1,0,1,0.8
185,0.692307692,0.5,1,0,0.25,0.5,0.857142857,NA,1,0.25,NA,0.285714286,0.375,0.166666667,0.75,1,0,1,0.75,NA,0.5,1,1,0.666666667,NA,0.75,0.571428571,0.095238095,0.636363636,NA,0,0.555555556,0.266666667,1,1,NA,1,1,NA,NA,0.75,0.625,0,1,NA,0.583333333,0.789473684,0.588235294,1,1
186,1,0,0.75862069,0.209677419,0.866666667,1,0.857142857,NA,NA,0.96969697,NA,0.555555556,1,0.692307692,0.642857143,1,NA,0.472727273,0.181818182,0,0,1,1,0.590909091,NA,0.782608696,0.709677419,0.807692308,0.777777778,0.785714286,1,0.882352941,1,0.54,1,NA,1,1,1,NA,0,0.433962264,0.863636364,1,0,0.764705882,0.5,0.924528302,NA,1
187,1,1,1,1,1,1,1,NA,NA,0.909090909,NA,0.796296296,1,1,1,1,NA,1,1,1,1,1,1,1,NA,1,1,1,1,1,1,0.926470588,1,1,1,NA,1,1,1,NA,1,1,0.272727273,1,1,1,1,0.981132075,NA,1
188,0.944444444,0.333333333,0.347826087,0.705882353,NA,1,0.333333333,NA,0.75,0,1,0,0.897959184,0.448275862,0.863636364,0.909090909,1,0.777777778,0.294117647,0.857142857,0.888888889,0,1,0.363636364,1,0.333333333,0,0.545454545,0.91011236,NA,0.851851852,0.607142857,0.605263158,0.857142857,0.458333333,0.764044944,0,1,0.5,1,0.5,0.472222222,0.255319149,0,1,0.666666667,0,0.157894737,0.915254237,0.625
189,0.142857143,0,0.5,NA,0.35483871,1,0.125,1,NA,0.384615385,1,0.666666667,0.28,0.2,0.75,0.7,0,0.333333333,1,1,0.538461538,NA,0.4,1,1,NA,NA,0.5,0,NA,0.8,0.615384615,0.333333333,0.5,NA,0,0.696969697,0,0.944444444,0.636363636,1,0.428571429,1,0.947368421,1,0.5,0.8,0.25,1,1
190,1,1,1,1,1,1,1,1,1,1,1,1,0.857142857,1,1,1,1,1,1,1,1,1,1,1,1,1,1,1,1,1,1,1,1,0.708333333,1,1,NA,1,1,1,1,0.75,1,1,0.6,1,1,1,1,1
191,0,NA,1,0.75,1,NA,1,0,NA,1,NA,0.375,0.515151515,1,0.4,0,1,1,0.111111111,0,0.7,NA,NA,0.285714286,NA,0.625,1,0.666666667,1,NA,NA,1,1,0.833333333,NA,NA,1,0,NA,NA,0.230769231,0.666666667,NA,1,1,0.5,1,0.909090909,0,0.8
192,1,NA,0.266666667,NA,1,NA,0,1,NA,0.181818182,1,1,0.777777778,0.5,1,1,NA,0.8,1,1,0.5,NA,0,0.611111111,0.5,0.666666667,0.857142857,0.8,1,1,NA,0.6,NA,0.416666667,NA,NA,0,0.5,1,NA,1,0.941176471,1,NA,0.083333333,NA,0.272727273,0.5,NA,0.636363636
193,0,NA,0.733333333,NA,0.230769231,NA,1,1,NA,0.818181818,1,0.75,0.222222222,0.5,0,1,NA,0.3,0,0,0.625,NA,1,0.388888889,0.5,0.666666667,0.285714286,0.4,0.333333333,0,NA,0.45,NA,0.583333333,NA,NA,1,1,0,NA,0,0.058823529,0,NA,0.916666667,NA,0.727272727,0.5,NA,0.363636364
194,0.444444444,0,0.222222222,NA,0.5,0.2,1,1,0,1,0,0.157894737,1,0.666666667,NA,0,0,0,0,0.3,0.133333333,0,0.125,1,1,0.818181818,0.363636364,1,0.125,1,0,0.210526316,0.375,1,0.2,0,0,1,0.181818182,1,0.416666667,0,1,0,1,0.3,0.5,0.266666667,0,0.8
195,1,1,1,1,1,1,1,1,1,1,1,1,1,1,1,1,NA,1,1,1,NA,1,1,1,1,1,1,1,1,1,1,1,1,1,1,1,1,1,1,1,1,1,1,1,1,1,1,1,1,1
196,NA,1,0.142857143,0.2,0.967741935,NA,NA,1,1,1,0.470588235,0.181818182,NA,1,1,1,NA,0.833333333,0.133333333,0,0.75,NA,0.083333333,0.9,0,0.5,0.285714286,0.785714286,1,0.590909091,0.4,1,NA,0.5,1,0.933333333,1,0.785714286,0.19047619,0,0.333333333,1,NA,0.619047619,0,1,1,0.75,NA,0.428571429
197,1,NA,0.884615385,NA,0.6,NA,1,0,1,1,0.195652174,1,1,0.909090909,1,0.954545455,NA,1,0,0,0.941176471,NA,0,0.142857143,0,0.777777778,0.972972973,0.4375,0.5,NA,1,1,1,1,NA,1,1,0.106382979,0.096774194,0,0,0.714285714,0.425925926,0.872727273,1,1,0.666666667,0.923076923,NA,0
198,1,1,NA,1,1,1,1,1,1,1,1,1,1,1,1,1,1,NA,1,1,1,NA,1,1,1,0.8,1,1,1,1,1,1,1,1,NA,1,1,1,1,1,1,1,1,1,1,1,1,1,1,1
199,0.95,NA,0.315789474,0,0.4,NA,0.0625,0.909090909,0,NA,0.75,0.176470588,0.833333333,0,0.956521739,0.818181818,1,0.214285714,0,NA,0.733333333,NA,0.894736842,1,1,0.684210526,0.142857143,0.7,0.928571429,0,1,1,0.736842105,0.9,0,NA,1,0,0.611111111,0,0.857142857,0.75,1,0,0.923076923,1,0.5,0.333333333,1,0.6
200,0.1875,NA,0.4,0.5,1,NA,0.666666667,1,NA,1,1,0.8,0.714285714,0.166666667,0,NA,NA,0,0,1,NA,0,NA,0.142857143,1,0.666666667,0,0.916666667,1,NA,1,0.6,1,0.5,NA,NA,1,0.8,0.875,1,1,0.166666667,0.875,1,0,1,1,0,1,1
201,NA,1,1,1,1,NA,1,1,1,1,1,1,1,1,NA,1,NA,1,1,1,1,NA,0.75,1,1,1,1,1,NA,NA,NA,1,NA,1,NA,1,1,1,1,1,1,1,1,1,1,1,1,1,NA,1
202,1,NA,0.090909091,NA,0.5,NA,0.208333333,1,NA,0.111111111,NA,0.210526316,0,0,NA,0.5,NA,0.214285714,0.454545455,0,0,NA,NA,0.125,0,0.647058824,0.5,0.142857143,NA,NA,NA,0.1875,0.8,0.5,NA,NA,NA,0.037037037,0.75,0,0,0,0,0,NA,NA,0,0.125,NA,0
203,1,1,0.833333333,NA,1,NA,1,1,1,1,1,1,1,1,1,1,NA,1,NA,1,1,NA,1,1,1,1,1,1,1,NA,1,1,NA,1,1,1,1,0.857142857,1,1,1,1,0.916666667,1,1,1,1,1,1,1
204,1,NA,1,NA,1,NA,1,NA,NA,1,1,1,1,NA,1,1,1,1,1,NA,1,NA,1,NA,1,0.833333333,1,1,1,NA,1,1,1,0.833333333,NA,1,1,1,0.944444444,1,1,1,1,NA,1,1,1,NA,1,1
205,1,1,0.307692308,0,0.833333333,NA,1,NA,NA,0.8,1,0.222222222,1,0.192307692,1,0.5,1,0.3,0.352941176,0.25,0.3,NA,NA,0,0.1,0.636363636,0.333333333,0,0.571428571,NA,0.285714286,0.375,1,0.375,1,NA,1,0,0,0,0.181818182,1,0,0.235294118,0.6,1,0.375,0.666666667,NA,1
206,1,NA,0.583333333,0,1,0,0,NA,NA,1,0.625,0,1,0.25,0.909090909,0.642857143,NA,0.666666667,0.75,1,0.916666667,NA,1,0.285714286,NA,0.619047619,0,0.583333333,0.833333333,1,0.9,1,0.555555556,0.454545455,NA,0.375,NA,0.7,1,1,1,0.333333333,1,0.461538462,NA,0.75,1,0.25,0,1
207,0,0,0.714285714,0.866666667,0.636363636,0,0,NA,0.076923077,0.666666667,NA,0.666666667,0.454545455,1,1,0.277777778,0,0.727272727,0.65,0.714285714,0.9,1,0,0.3,0,0.625,1,0.444444444,NA,0.46875,0.210526316,0.5,0,0.166666667,0,0,1,0,0,0.263157895,0.5,0.96969697,0.6875,1,0.125,0,0.75,0.333333333,NA,0.071428571
208,1,1,0.235294118,1,0.75,1,0.125,NA,1,0.4,0.666666667,0.3,0.8,0.166666667,0.833333333,1,1,0.5,0,1,1,1,0.4,0.666666667,0.923076923,0.421052632,0.578947368,0.666666667,1,0.571428571,1,0.588235294,1,0,1,1,0.820512821,NA,0.142857143,1,1,0.733333333,0.2,0,1,NA,1,0,0,1
209,0.153846154,0.5,0.571428571,0.428571429,1,1,1,0,0,0.6,0.464285714,0.954545455,0.659574468,0.444444444,NA,0.4375,0,0.785714286,1,1,0.727272727,0,NA,0.833333333,0,0.37037037,0.192307692,1,0.058823529,NA,0.75,1,1,0.5,0,0.583333333,1,1,0.142857143,0,1,1,1,0,NA,1,0.9,0.277777778,0,1
210,1,1,1,NA,1,1,1,1,NA,1,1,1,1,1,1,1,NA,1,1,1,1,1,1,1,1,1,1,1,1,1,NA,1,1,1,NA,1,NA,1,1,1,1,1,1,1,1,1,1,1,1,1
211,1,1,0.666666667,NA,0.4375,1,0.5,1,NA,0.428571429,1,0.375,1,0.928571429,0,0,NA,1,0.789473684,1,0.75,0,0.818181818,0.785714286,1,0.666666667,0.75,0.25,0,1,NA,1,0.666666667,0.555555556,NA,0,NA,1,1,1,0.125,0.363636364,0.888888889,0.35,1,0,0.666666667,0.666666667,0.75,0.888888889
212,1,1,0.5,0,0.25,1,1,1,1,0,NA,0.25,0.941176471,0,1,1,0.862068966,0.0625,NA,0.090909091,0,0,1,NA,0.666666667,0.25,0,0.666666667,0.869565217,0,0.962962963,0.5,0.944444444,0.428571429,1,0.833333333,NA,0,0.571428571,1,0.090909091,1,0,0,0.103448276,1,0.75,0,1,0
213,1,1,0.847826087,1,0.592592593,1,0.464285714,1,0.85,0.411764706,0.5,0.631578947,1,0.529411765,1,0.951612903,1,0.757575758,0,0.529411765,0.9,1,1,0.333333333,0.75,0.357142857,0.285714286,0.953488372,1,0,1,0.804878049,1,0.277777778,1,1,NA,1,NA,0.815789474,1,0,1,0.909090909,0.567567568,1,0.466666667,0.473684211,0.962962963,1
214,NA,0.322580645,0.947368421,0.6,0.8,0.696629213,0.450980392,0,0.666666667,0.833333333,1,0.461538462,0.052631579,0.820512821,1,0.75,1,0.846153846,0.259259259,0.363636364,0.186046512,0.145833333,0.166666667,NA,0.1,0.8,0.857142857,0.705882353,1,0.871428571,1,0.538461538,1,0.634615385,1,0.359550562,1,NA,NA,NA,0.939393939,0.466666667,0.457142857,0,0.1,0.333333333,0.896551724,0.534883721,0.863636364,0.85106383
215,0.8,NA,0.695652174,0,0.714285714,NA,0.066666667,NA,NA,0,NA,0.56,0.142857143,0.9,0.5,1,1,0.277777778,0.181818182,0.769230769,0.846153846,NA,1,1,0.5,0.375,0.724137931,0.9,1,NA,0,0.583333333,0,0.285714286,NA,0,NA,0.714285714,0.636363636,NA,0.8,0.555555556,1,1,NA,0,0.75,0.6,0.631578947,1
216,0.368421053,NA,0.535714286,1,0.857142857,1,0.666666667,0,0.6,1,0,0.5625,1,0.875,0.722222222,0.655172414,NA,1,0.6875,1,1,NA,0,0,0.068965517,0.655172414,0.981818182,0.75,0.971428571,NA,0.5,0.888888889,0.111111111,0.956521739,1,0.206896552,NA,NA,0.058823529,0,0.642857143,0.915254237,1,1,NA,0.375,1,0.818181818,0,1
217,1,1,1,NA,1,1,0,1,1,1,1,1,NA,1,1,1,1,1,1,1,1,1,1,1,1,0.857142857,1,1,1,NA,1,1,1,1,1,1,1,1,1,1,1,1,1,1,1,1,1,1,1,1
218,1,1,1,1,1,1,1,1,1,1,0.875,1,1,1,1,1,1,1,1,1,1,NA,1,1,1,1,NA,1,1,1,1,1,1,1,1,1,1,1,0.882352941,0.736842105,1,1,1,1,1,1,1,1,1,1
219,1,NA,1,NA,1,NA,1,1,1,1,1,1,1,1,1,1,1,1,1,1,1,NA,1,NA,0.923076923,1,1,1,1,NA,1,0.96875,1,1,1,1,NA,1,1,1,1,1,1,1,1,1,1,1,1,1
220,1,1,1,1,1,NA,1,NA,NA,1,1,1,1,1,1,0.833333333,NA,1,1,1,1,NA,0.75,1,NA,1,1,1,0,NA,NA,1,1,1,NA,NA,1,1,1,NA,1,1,1,1,1,1,1,1,1,NA
221,1,NA,1,1,1,NA,1,1,1,1,1,1,1,1,1,1,1,1,1,1,0.875,NA,1,1,1,1,1,1,1,NA,1,1,1,NA,NA,NA,NA,1,1,1,1,1,1,1,1,1,1,0.769230769,1,1
222,1,NA,0.75,NA,0,NA,1,0,1,0,0.571428571,0.578947368,0.458333333,0.5,1,0.625,1,0.333333333,1,1,0,NA,0.777777778,0.230769231,0.142857143,0.523809524,0.842105263,0.875,0.857142857,NA,1,0.555555556,1,0,NA,NA,0,0.545454545,0.666666667,0.111111111,0.111111111,0.666666667,0.625,0,0,1,0.666666667,0.875,1,0.5625
223,0.972222222,NA,1,1,1,NA,1,1,1,1,1,1,1,1,0.975609756,1,1,0.875,1,1,1,NA,1,1,1,NA,1,1,1,NA,1,1,1,1,1,1,1,1,1,1,1,NA,1,1,1,1,1,1,1,1
224,1,NA,0.4,NA,0.214285714,NA,0.941176471,1,1,0.6,1,0.428571429,0.761904762,0.230769231,0.6,0.967741935,0,0.6,0.461538462,1,0.2,NA,0.833333333,0,0.727272727,0.741935484,0.181818182,0.5,1,NA,1,0.230769231,0.947368421,0.571428571,NA,1,0,1,0.833333333,0.7,0,0.739130435,1,0.176470588,1,0.933333333,0.692307692,0.333333333,1,0
225,NA,1,0.097560976,1,0.057142857,NA,0.5,0.25,1,0,NA,0.581818182,0,0.578947368,0,0.285714286,0.95,0.25,0,0.88,1,NA,0.833333333,0.833333333,0,0.470588235,0.583333333,0.090909091,0,0,0.916666667,0.653846154,0.444444444,0,NA,0.8,0,0.5,0.75,0.714285714,0.80952381,0,0.9,0.454545455,0.888888889,0,0.333333333,0.460526316,0.333333333,1
226,1,1,NA,1,0,0.75,0.666666667,NA,1,1,1,1,1,1,1,1,1,1,1,1,1,1,1,1,1,1,1,1,1,1,1,NA,1,1,1,1,NA,1,1,1,1,1,1,NA,1,NA,1,1,1,1
227,1,0.933333333,NA,1,1,1,1,NA,1,1,1,1,1,1,1,0.5,1,1,1,1,1,1,1,1,1,1,1,1,1,1,1,NA,1,1,1,1,NA,1,1,1,1,0.875,1,NA,1,NA,1,1,1,1
228,1,1,NA,1,1,1,1,NA,0.666666667,1,1,1,1,1,1,1,1,1,1,1,1,1,1,1,1,1,1,1,1,1,1,NA,1,1,1,1,NA,1,1,1,1,1,1,NA,1,NA,1,1,1,1
229,1,1,NA,1,1,1,1,NA,1,1,1,1,1,1,1,1,1,1,1,1,1,1,1,1,1,1,1,1,0.75,1,1,NA,0.5,1,1,1,NA,1,1,1,1,1,1,NA,1,NA,1,1,1,1
230,1,1,1,0.972222222,1,1,1,1,1,1,1,1,1,1,1,1,1,1,1,1,1,1,1,1,1,1,1,1,0.928571429,1,1,1,1,1,1,1,1,1,1,1,1,1,1,0.75,1,1,1,1,1,1
231,0.833333333,1,1,1,1,1,1,1,1,1,1,1,1,1,1,1,1,1,1,1,1,1,1,1,1,1,1,1,1,1,1,1,1,1,1,1,1,1,1,1,1,1,1,1,1,1,1,1,1,1
232,0,1,1,1,1,NA,1,NA,0,1,1,1,1,1,1,1,1,1,1,1,1,NA,1,1,NA,1,1,1,1,1,1,1,1,0.933333333,1,1,1,1,1,1,1,1,1,1,1,0,1,1,NA,1
233,NA,NA,1,NA,1,NA,NA,1,NA,1,1,NA,1,0.75,1,1,NA,0.823529412,1,1,1,NA,1,1,1,1,0.958333333,1,1,NA,1,1,1,1,NA,NA,1,1,1,1,1,1,NA,1,1,1,1,0.9375,1,1
234,NA,NA,0.714285714,1,0.5,NA,0.875,0,NA,0,0.684210526,0.428571429,1,1,NA,0.4,NA,1,0.75,0.333333333,0.5,NA,1,1,0.6,0.333333333,0.714285714,0.84,1,NA,0,0.75,0.4,1,NA,1,1,1,0.6,0.714285714,0.785714286,0.761904762,0,0.25,1,0.5,0.533333333,0.821428571,1,NA
235,1,1,1,NA,1,1,1,1,1,1,1,1,1,1,1,1,1,1,1,1,1,NA,1,1,1,0.9375,1,1,1,NA,1,1,1,1,1,1,NA,1,1,1,1,1,1,1,1,1,1,1,1,1
236,1,NA,0.857142857,1,1,1,0,NA,1,0.580645161,0,0.818181818,0.583333333,0.8,1,1,1,0.857142857,1,0.714285714,0.2,NA,1,1,1,0.631578947,0.25,1,1,NA,0.777777778,0.631578947,0.933333333,0.363636364,1,NA,0.974358974,0.692307692,NA,0.363636364,0.444444444,0.5,1,1,NA,1,0.357142857,0.444444444,1,1
237,0.555555556,NA,0.222222222,0,0,0,0,0.888888889,0,0,1,0,0,0,0.214285714,0.384615385,0,0,0.866666667,NA,0.8,NA,0.75,0,0.846153846,0.388888889,0.235294118,0.4,0.1,NA,0.571428571,0.555555556,0.285714286,1,NA,0.6875,NA,0.492063492,0.80952381,0.378378378,0.9,0,0.818181818,0,0.909090909,0,1,0,0.5,1
238,1,NA,0,NA,1,NA,0.571428571,0,NA,1,1,0,1,0,1,0.714285714,1,0.25,0.25,0.333333333,0.625,NA,1,1,1,0.181818182,0.266666667,1,1,NA,NA,0.666666667,1,0.333333333,NA,NA,1,0.75,1,1,0.8,0.4375,1,NA,1,1,0.5,0,1,1
239,NA,NA,1,0.869565217,1,NA,1,1,NA,0.9,1,1,1,1,1,NA,NA,1,1,0.5,1,NA,1,1,1,1,1,1,NA,1,1,1,1,1,NA,1,1,1,1,1,0.823529412,1,1,1,1,NA,1,1,1,NA
240,NA,1,1,1,1,NA,1,0,NA,1,0,1,0,1,0,NA,1,0.875,1,0.083333333,0,NA,0,0.714285714,0.266666667,1,1,0.555555556,1,1,0,0.857142857,NA,1,NA,NA,1,0.833333333,0.4,0.333333333,0.928571429,0.333333333,0.692307692,1,0.25,NA,0.555555556,1,0.166666667,0.363636364
241,0.615384615,NA,1,NA,1,NA,0.636363636,0.333333333,NA,0.666666667,0.428571429,0.5,1,1,0.784313725,0.833333333,0.5,0.666666667,1,0,0,NA,0.727272727,1,0.608695652,0.625,0.703703704,0.75,0.666666667,NA,0.625,0.84,0.615384615,1,NA,0,NA,0.636363636,0.714285714,0.571428571,0.571428571,0.818181818,0.75,1,0,0.882352941,0.5,0.8,0.916666667,1
242,0,NA,0.351851852,0.96,0.5,0,0.272727273,0,0,1,0,0.789473684,0.2,0.56,0,0.454545455,NA,0.215384615,0.5,1,0,1,0,0,0,0.277777778,0.113636364,0.666666667,0.091954023,1,0,0.84375,0,0.625,0,0,0.959183673,0,0,0.428571429,1,1,0,0.944444444,1,0,0.852941176,0.611111111,0,0.5
243,0,0,0.666666667,0.958333333,0.93442623,NA,0.138888889,NA,NA,1,NA,0.571428571,0.217391304,0.428571429,0.4,0.75,NA,0.826086957,0.880952381,1,0,0.266666667,0,1,0.166666667,0.731707317,0.958333333,0.882352941,1,NA,0.4,0.7,0,0.884615385,0.538461538,0,NA,1,0,0,0.2,0.897435897,0.833333333,1,0.75,1,0.314285714,0.75,NA,0.233333333
244,1,1,1,1,1,1,1,1,1,1,1,1,1,1,1,1,1,1,NA,1,NA,1,1,1,1,1,1,1,1,1,1,1,1,1,1,1,1,1,1,1,1,1,NA,NA,1,1,1,1,1,1
245,1,1,1,1,1,1,1,1,1,1,1,1,1,1,1,1,1,1,NA,1,NA,1,1,1,1,1,1,1,1,1,1,1,1,1,1,1,1,1,1,1,1,1,NA,NA,1,1,1,1,1,1
246,1,1,1,1,0.714285714,1,0.285714286,1,1,1,1,0.125,0,0,1,1,1,1,NA,0,NA,1,1,0.875,0.913043478,1,0.5,0.6,1,1,0.756097561,0.5,1,0.571428571,1,0.736842105,0,0.125,1,1,1,0,NA,NA,1,1,0.777777778,0.75,1,1
247,NA,1,1,1,1,NA,1,1,NA,1,1,1,1,1,1,NA,NA,1,1,1,1,1,1,1,1,1,1,1,1,NA,1,1,1,1,NA,NA,1,1,1,1,1,1,1,1,1,NA,1,1,NA,1
248,NA,1,1,1,1,1,1,1,1,1,1,1,0.666666667,NA,1,1,NA,1,1,1,1,1,1,1,1,1,1,1,1,1,1,1,1,1,NA,1,1,1,1,1,1,1,1,1,1,1,1,1,0,1
249,0.454545455,1,0,1,0,1,0.1,1,0.5,0.333333333,0.6,0.045454545,0.135135135,0,0.125,0,0.25,0,1,0.5,0,0,0,0.071428571,1,0.083333333,0.083333333,0,1,NA,0.2,0,0.25,0.75,NA,0,0.230769231,0.047619048,0.6,1,0,0.166666667,0.066666667,0.111111111,0.083333333,0.142857143,0.142857143,0.066666667,NA,0.285714286
250,0,NA,0.909090909,0.958333333,1,NA,0.25,NA,1,0.333333333,1,0.375,0.333333333,0.875,NA,1,1,0.9,1,0.5,1,0.777777778,1,1,1,0.391304348,1,0.722222222,1,1,0,0.80952381,1,0.416666667,NA,1,0,1,NA,NA,0.555555556,1,0.692307692,1,1,NA,0.666666667,0.444444444,NA,0
251,0.125,1,0.692307692,0.8,NA,NA,0.272727273,0,0.5,0.714285714,0,0.2,0.294117647,1,0.368421053,0.676470588,1,1,0.818181818,0,1,0,0.333333333,0,1,0.25,0.681818182,0.333333333,1,0,0.5625,0.714285714,0.590909091,0.2,0,0.980392157,1,0,0.684210526,0,NA,0,0.25,0.181818182,0.363636364,0.388888889,0.888888889,1,1,0
252,1,NA,1,1,1,1,1,1,1,1,1,1,1,1,1,1,1,0.846153846,1,1,1,1,1,1,1,1,0.925925926,1,1,NA,1,1,1,1,1,1,1,1,1,1,1,1,1,1,1,1,1,0.928571429,1,NA
253,NA,0.246575342,0,0.886363636,1,NA,0.21875,NA,NA,0.083333333,NA,0.033333333,0.886792453,0.043478261,NA,0,NA,0.4,0,1,0.473684211,1,0.285714286,0,0.764705882,0.157894737,0.2,1,1,0.32231405,0,0.477272727,1,0.25,NA,1,0,1,0.423076923,0.111111111,0.075,0.608695652,0.43373494,0.171428571,0.622641509,NA,0.090909091,0.195121951,NA,1
254,0.631578947,1,1,1,1,1,1,NA,1,1,1,1,1,1,1,1,1,1,1,1,1,1,NA,0.923076923,1,1,1,1,1,1,1,1,1,1,1,NA,NA,1,1,1,1,1,1,1,1,1,1,1,NA,1
255,0,NA,0.902439024,0,0.80952381,NA,0.944444444,NA,0,0.636363636,0,1,1,0.75,0,0.105263158,0,0.88,0,0,0,NA,0.428571429,1,0,0.636363636,0.921052632,0.176470588,0.125,NA,0,0.954545455,0.153846154,0.863636364,NA,NA,1,1,NA,NA,0.6,0.947368421,1,0.642857143,NA,0,0.538461538,0.857142857,0,0
256,1,NA,1,1,1,NA,1,NA,NA,1,1,1,0.666666667,1,1,1,1,1,1,1,1,NA,1,NA,1,1,1,1,1,NA,NA,1,1,NA,NA,NA,1,1,1,1,1,1,0.95,1,1,1,1,1,NA,0.5
257,1,NA,1,1,1,NA,1,NA,NA,1,1,1,1,1,1,1,1,1,1,1,1,NA,1,NA,1,1,1,1,1,NA,NA,1,1,NA,NA,NA,1,1,1,0.8,1,0.909090909,1,1,1,1,1,1,NA,1
258,0.5,NA,0.235294118,0,0,0,0,0.903225806,NA,1,1,0.043478261,0.16,0,0.029411765,0.235294118,0,0.333333333,1,1,0.952380952,NA,0.863636364,0,0.958333333,0.294117647,0.066666667,0.555555556,0.125,1,0.166666667,0.666666667,0.178571429,0.75,NA,0.428571429,NA,0.366666667,0.947368421,0.684210526,0.714285714,0,0.896551724,0,0.666666667,0.333333333,0.75,0,0.379310345,1
259,1,NA,NA,NA,0.875,NA,1,1,NA,1,0.944444444,NA,1,NA,1,1,1,1,1,1,1,NA,1,1,1,1,NA,1,1,NA,1,1,1,1,NA,1,0.95,1,1,1,0.95,1,1,NA,1,1,1,NA,1,1
260,1,NA,0.916666667,1,1,1,NA,1,NA,1,1,0.75,1,1,1,1,1,1,NA,1,1,1,1,1,NA,1,1,1,1,1,1,1,1,1,NA,NA,1,1,1,1,1,1,1,1,1,1,NA,1,1,NA
261,NA,1,NA,1,1,1,1,1,1,1,1,1,1,1,1,1,1,NA,NA,1,1,NA,1,1,1,1,NA,1,0.888888889,0.8,0.966666667,1,1,1,1,1,1,1,1,1,1,1,1,1,1,1,1,1,1,1
262,1,1,1,1,1,1,1,1,1,1,NA,1,1,0.875,1,1,NA,1,1,1,1,1,NA,1,1,1,1,1,1,1,1,0.875,1,0.636363636,1,1,NA,1,1,1,1,1,1,NA,NA,1,1,1,1,1
263,1,NA,1,1,1,NA,1,NA,1,1,NA,1,1,1,1,1,1,1,1,0.875,1,NA,NA,1,1,1,1,1,1,NA,1,1,1,1,1,1,0.928571429,1,1,NA,1,1,1,1,NA,1,1,1,1,1
264,0.666666667,0,0.214285714,0.666666667,0.818181818,0.529411765,0.378378378,1,0.846153846,0.571428571,0.652173913,0.210526316,0.238095238,0.28,0.09375,1,1,0.333333333,0,0.447368421,0.913043478,NA,0.818181818,1,0.928571429,0.555555556,0.166666667,0.666666667,0.464285714,0,0.826086957,0.333333333,0.72,0.833333333,0.55,0.975,NA,0.625,0,NA,0.842105263,1,1,0.307692308,NA,0.740740741,0.791666667,0.083333333,0.431818182,0.787234043
265,0.987878788,1,0.615384615,1,0.3125,1,0.26,1,0.980392157,0.714285714,1,0.03030303,1,0.291666667,1,0.742424242,1,0.125,NA,0.916666667,0.659574468,NA,1,1,0.977777778,0,0.222222222,1,1,NA,0.975609756,0.714285714,1,0.04,1,1,NA,1,1,0.992424242,1,0.172413793,1,0,1,0.979166667,0.518518519,0.285714286,1,1
266,1,1,0.894736842,NA,0.583333333,1,0.857142857,1,1,0,0.840909091,0.56,1,0.333333333,1,1,1,1,1,0.5,0.666666667,NA,1,0,0.923076923,0.923076923,1,1,0.909090909,1,0.8,0.333333333,0.142857143,0.6,1,1,1,0.538461538,0.904761905,1,0.916666667,0.916666667,1,1,1,1,0.75,0.75,1,1
267,1,NA,0.5,NA,1,NA,0.928571429,0,NA,0,0,0.625,0,0.625,0,0.5,0,1,0.545454545,0.666666667,0.333333333,NA,1,0.722222222,0.5,0.466666667,1,0.4,0.75,NA,1,0.461538462,NA,0.105263158,NA,NA,0,0.8,0.4,0,0.5625,0.909090909,0,0,0.25,NA,0,0.6,0,NA
268,1,NA,0.5,NA,1,NA,0.928571429,0,NA,0,0,0.625,0,0.625,0,0.5,0,1,0.545454545,0.666666667,0.333333333,NA,1,0.722222222,0.5,0.466666667,1,0.4,0.75,NA,1,0.461538462,NA,0.105263158,NA,NA,0,0.8,0.4,0,0.5625,0.909090909,0,0,0.25,NA,0,0.6,0,NA
269,1,0,0,NA,0.666666667,1,1,NA,0.75,1,0,0.285714286,NA,0.217391304,1,0.941176471,1,0.5,0.6,1,0.333333333,0,0.4,1,0.5,0,0,1,1,1,0.954545455,0.380952381,0.666666667,0.416666667,1,1,1,1,0,0,0.176470588,0.857142857,1,0,1,0.833333333,0.777777778,0.5625,NA,1
270,0.333333333,NA,0.777777778,1,1,NA,1,NA,1,0.5,1,0.411764706,0.416666667,0,0,0.875,0.476190476,0.769230769,1,0.857142857,0.928571429,NA,NA,0.416666667,0,0.266666667,0.533333333,1,0.333333333,NA,0.4,0.411764706,0.222222222,0.214285714,NA,0,NA,0.444444444,1,1,0.714285714,0.611111111,0.555555556,NA,0,0.090909091,0.363636364,0.6,1,0
271,1,0,0.769230769,0,0.421052632,1,0.875,0.041666667,NA,1,1,0.235294118,NA,0,1,1,1,0.6,0,1,0.333333333,0.076923077,1,0.875,0.6,0.2,0.25,0.285714286,0.6875,0,1,0.285714286,NA,1,1,1,NA,1,0.4,0.5,1,0.833333333,0.666666667,0,1,1,0.555555556,0.083333333,NA,0.125
272,1,NA,0.833333333,1,1,NA,1,1,1,1,1,1,1,1,1,1,1,1,1,1,0.8,NA,1,1,1,1,1,NA,1,NA,1,1,1,1,NA,1,1,1,1,1,1,1,1,1,1,1,1,1,1,1
273,0,NA,0,0,0,NA,0,0,0,0,0,0,0,0,0,0,0,0,0,0,0,NA,0,0,0,0,0,NA,0,NA,0,0,0,0.333333333,NA,0,0,0,0,0,0,0,0,0,0,0,0,0,0,0
274,1,NA,1,1,1,1,1,1,NA,1,1,1,1,1,1,1,1,1,1,1,1,NA,1,1,1,1,1,1,1,NA,1,1,1,1,NA,NA,1,1,1,1,1,1,1,1,1,1,1,1,NA,1
275,1,1,1,1,1,NA,1,1,1,1,NA,1,1,1,1,1,1,1,1,1,1,1,1,1,1,1,1,1,1,1,1,1,1,1,1,1,1,0.909090909,1,1,1,1,NA,1,1,1,1,1,1,1
276,0,1,0.529411765,1,0,0.583333333,0.228070175,NA,0.722222222,0.703703704,0,0.769230769,0.3,0.620689655,0.75,0.909090909,0,0.142857143,0.851851852,0,0,NA,0,0.8,0.28,0.275862069,0.19047619,0.857142857,0.466666667,0,0,0.842105263,0.352941176,0.466666667,0.444444444,0.185185185,0,0,0.2,0.978723404,NA,0.175,0.636363636,0.5,0,1,0.533333333,0.117647059,0,0.933333333
277,1,1,1,1,1,1,1,NA,1,1,1,0.35,1,1,1,1,NA,0.75,1,1,1,1,1,1,1,1,1,1,1,1,1,1,1,1,1,1,1,1,1,1,1,1,1,0,1,1,1,1,1,1
278,1,1,0.444444444,1,NA,NA,1,0.583333333,1,1,1,0.25,1,0.333333333,1,0.970588235,1,1,0.75,0.333333333,0.25,NA,1,1,1,0.2,0.294117647,0.416666667,0.84,NA,1,0.4,1,0.25,1,1,1,NA,1,1,1,NA,0.857142857,0,1,1,0.333333333,0.5,0.974358974,0
279,0.058823529,NA,0.8,NA,1,NA,0.277777778,NA,NA,1,0.6,0.727272727,0.476190476,0.5,0.133333333,0,0.8,0.555555556,0,0.8,1,NA,0.5,0.4,0.5,0.428571429,1,0.4,0,NA,0.5,0.375,0.047619048,1,NA,0,1,0.666666667,0,0.285714286,0.4,0.833333333,0.208333333,0.5,0,0.5,NA,1,0,0.5
280,0.941176471,NA,0.8,NA,1,NA,0.722222222,NA,NA,0,0.4,0.909090909,0.523809524,0.75,0.933333333,1,1,1,1,1,0,NA,0.75,0.9,0.5,0.714285714,0.272727273,0.7,1,NA,0.5,0.875,1,0.5,NA,1,1,0.333333333,1,0.714285714,0,1,0.958333333,1,0,1,NA,0.4,1,0.5
281,0,NA,0.714285714,0.142857143,1,NA,1,1,0,0.25,0.333333333,0.571428571,0.9,1,1,0,0,0.75,1,0,NA,NA,0.1,0.636363636,0,0.45,1,1,0.666666667,NA,1,0.714285714,1,0.142857143,NA,0.043478261,0,0.870967742,0.846153846,0,1,0.384615385,0.958333333,1,0,1,0.384615385,0.363636364,0,0.222222222
282,1,0.5,0.333333333,0.066666667,1,0,0,0,0.962962963,0,0,0.230769231,0.416666667,0.846153846,0,1,1,0.571428571,NA,0.206896552,0.625,0.75,1,0.75,0.65,0.555555556,0.7,0.090909091,1,0,0.736842105,0.352941176,1,0.416666667,NA,0.566666667,0,NA,0.1,1,0,0.916666667,0.818181818,0,1,NA,0.545454545,0.470588235,1,1
283,1,NA,0.1,0,0.333333333,NA,0.285714286,1,NA,0.153846154,1,1,0.962962963,0.9,0,NA,0.32,0.818181818,NA,0.642857143,1,NA,NA,0,1,0.666666667,0.555555556,0.25,0.666666667,NA,0,0.428571429,NA,0.333333333,NA,NA,1,1,1,1,1,0.27027027,0,1,1,0.5,0.333333333,0.615384615,NA,0
284,1,NA,0.866666667,0.2,1,NA,1,0.666666667,0.75,1,1,1,1,1,0,1,1,1,1,0.666666667,0.666666667,NA,1,0,1,0.461538462,1,1,0,NA,1,0.769230769,1,0.5,0,1,NA,1,0.222222222,0.5,0.363636364,0.333333333,0.25,0.03125,1,0.818181818,1,0.909090909,1,0.083333333
285,1,1,1,1,1,1,1,1,NA,1,1,1,1,1,1,1,1,1,1,1,1,1,1,1,1,0.8,1,0.666666667,1,1,1,1,1,1,1,1,1,1,1,1,1,1,1,1,1,1,1,1,1,1
286,NA,0.785714286,1,0.76,0.96,0,1,NA,0,0.555555556,1,1,0.888888889,1,0,0,0.909090909,1,1,0.916666667,0.714285714,1,0.5,0.857142857,0.947368421,0.9,1,0.916666667,0,0,0,1,0,0.666666667,0,0,NA,NA,0.4,0,0.916666667,1,1,1,0.6,0,0.95,1,0,0.846153846
287,1,1,NA,1,1,1,1,1,1,1,1,1,1,NA,1,1,1,NA,1,1,1,1,1,1,1,1,NA,1,1,1,1,1,1,1,1,1,1,1,1,1,1,1,1,NA,1,1,1,1,1,1
288,1,0.962962963,1,NA,1,1,0.833333333,1,1,1,1,0.882352941,1,0.913793103,1,1,1,1,1,1,1,1,1,1,1,0.80952381,1,1,1,NA,1,1,1,1,1,1,1,1,1,NA,1,1,NA,1,NA,1,1,1,1,1
289,0.111111111,1,0.75,NA,0.25,0,0.636363636,0,NA,1,0.454545455,0.785714286,0,0.6,0,0.4,0.611111111,0.833333333,0.3,0,NA,NA,0,0,0.555555556,0.538461538,0.454545455,0.2,0.52173913,NA,0.357142857,0.722222222,0,1,NA,0,0.980769231,0,0.444444444,0.769230769,0.888888889,0.75,0.111111111,1,0.75,0.538461538,0.888888889,0.684210526,0.2,0
290,0.25,1,0.875,0.166666667,0,0.5,0,0,0.705882353,0,0,0.25,0.5,0.333333333,0,0.739130435,0.909090909,0,0,0.333333333,0.833333333,NA,0.5,0.5,0.769230769,0.294117647,0.625,1,0.730769231,1,0.307692308,1,0.5625,0,1,1,NA,0.5,0.095238095,0.818181818,1,1,0,0,0.090909091,0.733333333,0.571428571,0.5,1,0
291,0,NA,0.888888889,0,0.8,NA,1,0.95,NA,0.714285714,1,0.833333333,0.583333333,0.727272727,0.714285714,0,0.555555556,0.538461538,NA,0.666666667,1,NA,0.2,1,0.272727273,0.666666667,0.875,1,0,NA,NA,0.714285714,0.666666667,1,0,0,0,1,0.291666667,1,0.76,0.5,0.5,0.882352941,0,0,0.142857143,0.692307692,0,0.695652174
292,0.25,1,0.444444444,NA,0.166666667,1,0.304347826,1,NA,1,NA,0.5,0.222222222,1,0,0.5625,1,0.714285714,0.8,1,1,NA,1,0.333333333,1,0.571428571,0.3,0.714285714,0.066666667,NA,0,0.933333333,0.133333333,0,NA,NA,NA,0.5,1,1,0.5,0.727272727,0.774193548,0,0.05,0.285714286,0.5,0.916666667,1,1
293,0.25,1,0.444444444,NA,0.166666667,1,0.304347826,1,NA,1,NA,0.5,0.166666667,1,0,0.5625,1,0.714285714,0.8,1,1,NA,1,0.333333333,1,0.571428571,0.3,0.714285714,0.066666667,NA,0,0.933333333,0.133333333,0.5,NA,NA,NA,0.714285714,1,1,0.5,0.727272727,0.774193548,0,0.05,0.285714286,0.5,0.916666667,1,1
294,0,NA,0.666666667,0,0.125,NA,0.933333333,0,0,0.7,0.5,0.666666667,0.642857143,0.5,0,0.055555556,0,0.454545455,NA,0.181818182,0.25,NA,0,NA,0.333333333,0.375,0.533333333,0,0,NA,0,0,0,0.857142857,0,0,1,0.272727273,0.0625,0,0,0,0,0.153846154,0,0,0.833333333,0.125,0,1
295,NA,1,0.3125,1,0.6,NA,0.5,1,NA,0.5,1,0.5,0,0.111111111,NA,NA,NA,0.066666667,0,0.666666667,NA,0,1,1,1,0.25,0.111111111,1,1,0.6,NA,0.333333333,NA,0,NA,0.428571429,0.6,0.25,1,1,1,0.333333333,1,0,0.166666667,0,0.545454545,0.2,NA,1
296,1,0,0.4,0.655172414,0.3125,0.964285714,0.25,1,1,0.125,0.5,0.4375,1,0.5,1,1,0.923076923,0.5,1,1,0.8,0.181818182,1,0.428571429,0.95,1,0,0.642857143,1,0.054945055,0.903846154,0.7,1,0.166666667,1,1,NA,1,0.916666667,0.666666667,0.7,NA,1,0,0.583333333,1,0.166666667,0.117647059,1,0.2
297,1,1,0.181818182,0.5,0.6,NA,0.291666667,1,1,0,1,0.066666667,0,0.235294118,1,0.071428571,0,0.294117647,0,1,0.7,NA,NA,0.444444444,1,0.487804878,0.789473684,0.846153846,1,NA,0.666666667,0.666666667,1,0,NA,NA,0,0.352941176,0.4,0.181818182,0.8,0.555555556,0,0,NA,1,0,0,NA,0.823529412
298,1,1,1,1,1,NA,1,NA,NA,1,1,1,1,1,1,1,NA,1,1,1,1,NA,NA,1,NA,1,1,1,1,NA,NA,1,1,1,1,NA,1,1,1,1,1,1,1,1,1,NA,1,1,1,1
299,1,1,1,1,0.933333333,1,1,1,1,1,NA,1,NA,1,1,1,NA,1,1,1,NA,NA,1,1,1,1,1,1,1,NA,1,1,1,1,1,1,1,1,1,1,1,1,1,NA,1,1,1,1,1,1
300,1,1,0.076923077,0.695652174,0.333333333,1,1,0.666666667,1,1,0.590909091,1,1,0,1,1,NA,0.076923077,1,NA,0.833333333,0.25,1,1,0.166666667,0.571428571,0,0.666666667,1,NA,1,0.411764706,1,0.0625,1,1,1,0.833333333,0.2,0.8,0.5,0.333333333,1,0.177777778,1,1,0.2,0.041666667,1,0
301,0.4,0,0.888888889,0.571428571,0.894736842,0.222222222,0.666666667,1,0,0.5,0,0.833333333,0.421052632,0.666666667,0.151515152,0.315789474,0,0.904761905,0.526315789,1,NA,NA,0.333333333,0.636363636,0.25,0.857142857,0.333333333,0,0.375,NA,0.294117647,0.259259259,0.272727273,0.6,0,1,0.222222222,1,1,0,0.5,1,0.75,0.6,0,0,0.666666667,0.37037037,0,1
302,NA,1,1,0,0.571428571,NA,1,NA,1,0.8,1,1,1,1,1,1,1,1,0.888888889,0.333333333,0,1,1,1,0.833333333,1,1,0.5,0,0.5,1,0.75,1,0.714285714,NA,NA,1,0.333333333,0.285714286,0.25,0.666666667,0.611111111,0.272727273,1,1,NA,1,1,1,1
303,0,1,0.333333333,0.75,0.692307692,0,1,1,0,0.6,1,0.619047619,NA,0.5,0,0,0.8,0.777777778,1,1,1,0,0.166666667,0.5,0.666666667,0.75,0.846153846,0.333333333,1,1,0.4,1,0,0.333333333,0,NA,0,1,0.6,0.666666667,0.777777778,0.6,0.64,0.3,NA,0.5,0.642857143,0.904761905,NA,0.666666667
304,0,NA,0.714285714,NA,1,NA,0.923076923,1,NA,0,1,1,1,1,0,0,NA,0.5,1,0.8,1,NA,1,0.25,0.909090909,0.875,1,0.5,0,NA,0,0.944444444,0,0.4,NA,NA,NA,1,0,1,0.555555556,1,0.222222222,0,1,0.4,1,1,NA,NA
305,0.083333333,0,1,0,0.75,0.75,1,NA,0,0.846153846,0,0.916666667,0.666666667,1,0.142857143,0,NA,1,0.311111111,0.714285714,0.3125,NA,0,0.666666667,0,0.866666667,1,0.3125,0.538461538,NA,0,0.6,0.307692308,0.777777778,NA,0,1,0,0,NA,0.714285714,1,0.2,1,1,0,0.555555556,1,0,0.333333333
306,1,NA,1,1,1,NA,1,1,1,1,1,0.75,1,1,1,1,1,1,NA,1,1,NA,1,1,1,1,1,1,1,NA,1,1,1,1,NA,1,1,1,1,1,1,1,1,NA,1,1,1,0.941176471,1,1
307,0,0.142857143,0.666666667,1,0,NA,1,0,0,1,0.37037037,NA,0.989361702,0.6,0,0,0.769230769,0.066666667,1,0.394736842,0.411764706,NA,0.019607843,1,0.351351351,0.857142857,0.571428571,0.511111111,0.111111111,1,0.045454545,0.8,0,0.666666667,0,0,NA,0.731343284,0.03125,0.791666667,0.833333333,NA,1,NA,0,0,0.75,1,0,NA
308,0,0.666666667,0.571428571,NA,0.555555556,0,NA,1,0,0.181818182,0.684210526,1,0.125,0.8125,0,0.2,0.666666667,0.6,0,0.6,0.888888889,NA,0.214285714,0.888888889,0.380952381,1,1,0,0,NA,0,0.428571429,NA,1,0,0,1,1,0.913043478,0,0,0.714285714,0.333333333,1,1,0,0.888888889,0.875,0,0.142857143
309,0.5625,0.833333333,0.708333333,0.555555556,0.625,1,0.413793103,0.375,1,0.375,0.363636364,0.421052632,1,0.285714286,0.857142857,1,0,0.45,0,0.933333333,0.5,0.166666667,0.888888889,0.7,0.636363636,0.523809524,0.333333333,0.777777778,0.15,NA,0.703703704,0.25,0.823529412,0.714285714,0.416666667,1,0,0.333333333,0.848484848,0.4,0,0,0,0.333333333,0.588235294,1,0.6,0.785714286,0.588235294,0
310,0,1,0.941176471,1,0.75,0,0.470588235,1,0.4,0,0.615384615,0.529411765,0.888888889,0.52,0,1,0,0.5,1,1,1,0,0.166666667,1,0.608695652,0.333333333,0.9375,0.941176471,0.111111111,NA,0.166666667,0.384615385,0.052631579,1,0,0,NA,0.818181818,0.863636364,0.785714286,0.857142857,0.75,0,0.6875,0.45,0,0.75,0.6,0,0.333333333
311,1,1,1,0.666666667,1,1,1,1,1,1,1,1,1,1,1,1,1,1,1,1,1,1,1,1,1,1,1,1,1,NA,1,1,1,1,1,1,1,1,1,1,1,1,1,1,1,1,1,1,1,NA
312,0,NA,0.833333333,0.75,0.166666667,0,0,NA,1,0.818181818,0,0.6,0.384615385,0.916666667,0.625,0.75,NA,0.125,0.5,1,1,0,NA,0,0.25,0.466666667,0,0.875,0.666666667,1,0.75,0.6,0,0.444444444,0,0,0.685714286,NA,1,1,1,0.5,0.375,0,0,0.75,1,0.555555556,0,0.714285714
313,NA,1,0,0.8625,0.777777778,0,0,1,1,0,0.6,0,0.8,0.444444444,0,1,1,0,0,1,1,0.52173913,1,0.375,0,0,0,0.5625,1,1,0.566666667,0.260869565,NA,0.692307692,0,0,NA,0.666666667,0.285714286,0,0.591836735,0.8,0.833333333,0,0.142857143,1,0.615384615,0,NA,0.708333333
314,1,1,1,1,1,1,1,NA,1,1,1,1,1,1,1,1,1,1,1,1,NA,1,1,NA,1,1,1,1,1,NA,1,1,1,0.928571429,1,1,NA,1,1,1,1,1,1,1,1,1,0.894736842,1,1,1
315,0.882352941,0,0.5,0.1875,0,1,0.833333333,NA,0.727272727,0.666666667,1,0.8,1,0,0.956521739,0.742857143,1,1,0.5,0.230769231,NA,0,1,NA,1,0.444444444,0.666666667,0.333333333,0.964285714,NA,0.891304348,0.421052632,0.583333333,0.642857143,0.888888889,1,NA,0.857142857,0,0,0,0,0,1,0,1,0.473684211,0,1,0
316,NA,1,0.8,0.266666667,0.75,1,0.25,0.866666667,1,1,0.333333333,0.333333333,0.25,0.166666667,1,1,1,1,1,1,0.785714286,0.888888889,0,0.9375,0.043478261,0.5,1,1,1,NA,1,0.6875,0.5,1,1,0.8,1,0.571428571,0.419354839,0,1,0.428571429,0.473684211,0.48,1,0.75,0.6,0.818181818,1,1
317,1,NA,1,NA,0.625,NA,0.8,NA,NA,0,1,0.636363636,0.363636364,1,1,1,1,0.722222222,0.666666667,0.571428571,0.166666667,NA,0.375,NA,0,0.666666667,0.6,0.5,0.8,NA,NA,0.545454545,0.95,1,NA,NA,NA,0.583333333,0,1,0,0.153846154,0.130434783,1,0,1,1,0.9,0,0.470588235
318,NA,1,0.666666667,0.111111111,0.571428571,1,0.833333333,0,NA,0.272727273,0.090909091,1,0,0.6,NA,0,0,0.666666667,NA,0,0,1,0,0,0,0.125,0.5,1,0.5,1,0.571428571,0.625,NA,0.5,NA,0,0,0,0,0,0.444444444,0,0.571428571,NA,0,0,0.363636364,0.777777778,NA,0
319,0.666666667,NA,1,1,1,1,1,NA,NA,1,NA,1,1,1,1,1,1,1,1,0.888888889,NA,NA,NA,1,NA,0.941176471,1,1,1,NA,1,1,1,1,1,NA,1,1,1,1,1,1,0.666666667,1,1,1,1,1,1,1
320,1,1,1,0.981481481,1,1,1,1,1,1,1,1,1,1,NA,1,1,1,1,1,1,1,1,1,1,1,1,1,1,1,1,1,1,1,0.5,1,1,1,0.941176471,1,1,1,1,NA,1,1,1,1,1,1
321,1,1,1,1,1,0.875,1,1,1,1,1,1,1,1,NA,1,1,1,1,1,1,1,1,1,1,1,1,1,1,0.981481481,1,0.952380952,1,1,1,1,1,1,1,1,1,1,1,NA,1,1,1,1,1,1
322,1,0.727272727,1,0.857142857,1,0,0.8,0,1,0.75,0.882352941,1,0.96969697,1,1,0.818181818,1,1,NA,0.916666667,0.736842105,1,0.333333333,1,0.888888889,1,0.875,0.470588235,0.666666667,0.333333333,0.75,0.066666667,0.941176471,0.923076923,0.666666667,NA,0,0.411764706,0.818181818,0.875,0.444444444,0.666666667,0.970588235,1,1,0.923076923,0.833333333,0.916666667,NA,0.5
323,1,1,1,1,1,NA,1,1,1,1,1,1,NA,0.714285714,1,NA,1,1,1,1,1,NA,1,1,1,1,1,0.96,1,1,1,1,1,1,NA,1,NA,1,1,1,1,1,1,1,1,1,1,1,NA,1
324,1,0,0.666666667,0.5,0.473684211,0,0.5,0,0.5,0.842105263,1,0.6,0.888888889,0.9,0.285714286,0.714285714,0.857142857,0.916666667,0.666666667,1,0.4,0,1,0.818181818,0,0.714285714,0.615384615,0.666666667,0.142857143,NA,1,0.705882353,0.909090909,0.272727273,NA,NA,NA,0.818181818,0,0,0.166666667,1,0.304347826,1,NA,0,0.75,0.222222222,NA,0
325,0,NA,0.85,NA,0.6,NA,0.941176471,0,NA,1,0.083333333,0.590909091,0.185185185,0.833333333,0,NA,NA,0.6,0.636363636,0,0,NA,NA,1,0,0.772727273,0.833333333,1,0,NA,0.5,0.8,1,0.615384615,NA,NA,NA,0.583333333,0.1875,0.5,0,0.19047619,0.181818182,1,0,NA,0.571428571,0.888888889,0,1
326,1,0,0.869565217,0,0.583333333,0.75,0.833333333,NA,0.933333333,0.2,0,0.9,0,0.909090909,0.9375,1,1,0.947368421,0.333333333,0,0.692307692,NA,1,0,1,0.6,0.913043478,0,0.75,0,0.9,0.782608696,1,0.8125,0,NA,0,0,1,0.8,0,0.428571429,1,0.111111111,0,1,0.2,0.870967742,0,0
327,1,NA,0,0.177777778,0.375,0.975,0.583333333,1,1,0.6,1,0.545454545,1,0.8,1,0,NA,0.571428571,0.08,0,0.8,0.382978723,0,NA,1,0.727272727,0.96875,0.6,0.909090909,0.644444444,0.92,1,0.85,0.235294118,1,1,1,0.857142857,0.9,1,0.357142857,0.166666667,0,NA,NA,0.857142857,1,0.5,1,0.769230769
328,0.9375,1,0.289473684,0.933333333,0.214285714,0.590909091,0.166666667,NA,1,0.625,1,0.5,0.235294118,0.333333333,0.887850467,0.916666667,1,0.265306122,0.071428571,0.947368421,1,0,0.242424242,0,1,0.333333333,0.454545455,1,1,1,0.925925926,0.6,0.15625,0.193548387,0.777777778,1,NA,1,1,0,0.538461538,0.647058824,0.470588235,NA,0.952380952,0.342105263,0,0.166666667,0.794520548,1
329,1,0,1,1,1,0,1,1,0,1,1,1,1,NA,1,1,1,1,NA,1,1,NA,1,1,1,1,1,1,1,0,0.666666667,1,1,1,0,0.222222222,1,1,1,1,1,1,1,1,1,1,1,1,1,1
330,0,1,0.571428571,0.833333333,1,0,0,0,0,1,0.923076923,0.642857143,0,0.666666667,0,0,0,0.75,0,0.818181818,1,0.625,0,NA,0.133333333,0.615384615,0.565217391,0.583333333,0,1,0.117647059,0.818181818,0,0.142857143,0,0.05,0.833333333,0.5,0.272727273,0.235294118,0.714285714,0,0.666666667,0.428571429,1,0,0.6,0.642857143,0,0
331,1,NA,1,NA,1,NA,1,1,NA,1,1,1,1,0.962962963,NA,1,1,1,1,1,1,NA,1,1,1,1,0.857142857,1,1,NA,NA,1,1,1,NA,1,1,1,1,1,1,1,1,1,1,1,1,1,NA,1
332,0,0.25,0,0.891304348,1,0,1,0,0.222222222,0.928571429,0.285714286,1,1,0.666666667,1,0.090909091,0,0.75,0.977272727,NA,1,0.6,0.090909091,0.8,0.4,0.772727273,0.428571429,1,1,0.024390244,0.322580645,0.857142857,0.526315789,0.6,0.333333333,0,1,0.333333333,0.8,0,1,0.846153846,1,0.6,0.260869565,0,1,0.111111111,1,0.625
333,0,1,1,1,0.923076923,1,1,1,1,1,1,1,1,1,1,0.636363636,1,1,1,NA,1,1,1,1,1,1,1,1,NA,1,0.916666667,1,1,1,1,1,1,1,1,1,1,1,1,1,1,1,1,1,NA,1
334,1,0,1,0,0.8,NA,0.6,1,1,1,0.090909091,0.777777778,NA,0.545454545,1,1,1,0.631578947,NA,0.75,1,1,1,1,0,1,1,0.166666667,1,NA,1,1,1,1,1,0.25,NA,0.333333333,1,1,0.142857143,0.555555556,0.4,1,0.083333333,1,0.611111111,1,1,0.875
335,1,1,1,1,1,NA,1,0,1,1,1,1,NA,1,1,1,1,1,NA,1,0,1,1,1,1,1,1,1,1,NA,1,1,1,1,1,1,NA,1,1,0.5,1,1,1,1,1,1,1,1,1,1
336,0,NA,0,0,1,NA,0.15,1,1,0.2,0.833333333,0.384615385,0.166666667,0.1,0.684210526,0.222222222,1,0.363636364,1,0,1,NA,0.71875,0.666666667,0.1875,0.166666667,0,1,0.142857143,NA,0.4,0,1,0,NA,NA,NA,0.285714286,0.625,0.666666667,NA,0,0,NA,0.590909091,0.75,0.666666667,0.555555556,0.111111111,0
337,0,NA,0.666666667,1,1,NA,0.352941176,1,1,0.4,0.833333333,0.923076923,0.166666667,0.916666667,0.684210526,0.222222222,1,1,1,0.2,1,NA,0.71875,0.833333333,0.5625,0.833333333,0.75,1,0.142857143,NA,0.8,0,1,0,NA,NA,NA,0.285714286,0.625,0.666666667,NA,0.333333333,0,NA,0.818181818,0.75,1,1,0.111111111,0.5
338,0,NA,0.8,1,1,NA,0.45,1,1,0.4,0.833333333,0.923076923,0.166666667,0.95,0.684210526,0.222222222,1,1,1,0.2,1,NA,0.71875,0.833333333,0.5625,0.833333333,1,1,0.142857143,NA,0.8,0,1,0.6,NA,NA,NA,0.285714286,0.625,0.666666667,NA,0.636363636,0,NA,0.818181818,0.75,1,1,0.111111111,0.5
339,1,NA,1,NA,1,NA,1,1,1,1,1,NA,1,1,1,1,1,NA,1,1,1,NA,1,1,1,1,1,1,1,NA,1,1,1,1,NA,1,NA,1,1,1,1,1,1,1,1,1,1,1,1,1
340,NA,1,0.666666667,0.875,0.714285714,NA,0.125,1,0.888888889,0.4,1,0.5,0.769230769,0.076923077,1,1,1,0.441860465,0.857142857,1,1,1,1,NA,1,0.666666667,1,1,1,NA,1,1,1,0.916666667,1,1,1,1,1,1,0.75,0.875,1,NA,NA,0.8,0.166666667,0.6,1,0.4
341,1,0.205882353,0.133333333,1,0.849056604,1,NA,1,NA,0.205882353,0.797297297,0.444444444,NA,0.296296296,NA,1,NA,0.653846154,1,0.575,0.679245283,NA,0.408450704,0,0.923076923,0.555555556,0.625,1,1,1,NA,0.5,NA,0.384615385,NA,NA,1,0,0.970588235,0.725,0.490909091,0.636363636,0.95,NA,0.476190476,NA,0.931034483,0.333333333,NA,0.574468085
342,1,NA,0.5625,NA,NA,NA,0,1,NA,0.4,0.962962963,0,0.55,0,1,0.9,0.666666667,1,0,1,0.526315789,NA,1,1,1,0.5,0.166666667,1,1,NA,1,0.166666667,0.428571429,0.285714286,NA,1,NA,1,1,1,0.666666667,0.064516129,0.2,0.928571429,NA,1,0.666666667,0.5,0.9375,0.5
343,0.666666667,NA,0.5,0,1,NA,0,1,1,1,1,0.666666667,0.454545455,0,0.214285714,0.606060606,1,1,0,1,NA,NA,0.5,0.5,0.818181818,0.166666667,0.7,0.25,0.5,NA,0.428571429,0.666666667,0.727272727,0.166666667,0,NA,1,0.666666667,0.875,0.9375,0.833333333,0.785714286,0.392857143,0,NA,0.764705882,0.2,0.454545455,0,0.909090909
344,0,0.818181818,0.142857143,0,0,0,0.25,0.904761905,0,0.4,0.677419355,0.75,1,1,0.142857143,0,0.487804878,0.857142857,0.555555556,0,0.25,0,0.367346939,1,0.260869565,0.846153846,NA,0.666666667,0,NA,0.111111111,0.666666667,0,1,0,0,NA,0.884615385,0.023809524,0,0.764705882,0.4,1,NA,1,0,0.714285714,0.5,0,0.833333333
345,1,NA,1,1,0.461538462,1,0,1,1,0,0.761904762,0,0.25,0,1,1,0.8125,0.333333333,0.181818182,1,0.5,NA,1,0,1,0.222222222,0.0625,1,0.166666667,NA,1,NA,0.9375,0,1,1,0,0.826086957,0.923076923,1,1,0.5,1,0,0,0.923076923,0.428571429,0,1,0.518518519
346,0,1,0.818181818,1,0.904761905,0,0.35,0,0,1,NA,0.793103448,0.964285714,0.6,0,0,NA,0.714285714,1,1,1,1,0.04,0.454545455,0,0.666666667,1,0.733333333,0.2,1,0,0.666666667,0.25,0.947368421,0,0,1,1,0,0.052631579,0.666666667,0.333333333,0.363636364,1,NA,0,0.833333333,0.722222222,0,1
347,1,1,1,1,1,NA,1,NA,NA,1,1,1,1,1,NA,NA,1,1,1,1,NA,1,1,1,NA,1,1,1,1,1,1,1,0.916666667,1,NA,NA,NA,1,1,1,1,1,1,1,NA,1,1,1,NA,1
348,1,NA,1,1,1,NA,1,1,NA,1,1,1,1,1,1,1,NA,1,1,1,1,NA,0.5,0.5,1,0.965517241,1,1,1,NA,NA,1,1,1,NA,1,1,1,1,1,1,1,1,1,1,NA,1,1,1,1
349,1,NA,0.909090909,1,0.923076923,NA,1,1,NA,1,1,1,1,1,1,1,NA,1,1,1,1,NA,1,1,1,1,1,1,0.666666667,NA,NA,1,1,1,NA,1,1,1,1,1,1,1,1,1,1,NA,1,1,1,1
350,1,NA,1,1,1,NA,1,1,NA,1,1,1,1,1,1,1,NA,1,1,1,1,NA,1,1,1,1,1,1,1,NA,NA,1,1,1,NA,1,1,0.964285714,1,1,1,1,1,1,1,NA,1,1,1,1
351,NA,0.285714286,0.565217391,0.44,0.272727273,0,1,1,0,1,0.909090909,0.428571429,1,0.631578947,0,0,1,0.8,0.375,1,0.444444444,0.285714286,0.043478261,0.529411765,0.695652174,0.52173913,0.578947368,0.571428571,0,0,0,0.5,NA,0.5,0,1,1,1,1,NA,0.631578947,0.295081967,NA,0,0.888888889,0,0.882352941,0.64,0.5,0.714285714
352,NA,0.714285714,0.434782609,0.56,0.909090909,1,0,1,1,0,1,0.571428571,0,0.368421053,1,1,1,0.2,0.625,1,0.622222222,0.714285714,1,0.470588235,0.956521739,0.52173913,0.421052632,0.571428571,1,1,1,0.5,NA,0.5,1,1,0,1,0.903225806,NA,0.368421053,0.836065574,NA,1,0.111111111,1,0.411764706,0.36,1,0.285714286
353,1,NA,NA,0.9,0.923076923,0.692307692,1,0.769230769,0.9375,0.2,1,1,NA,0,0.9,0.333333333,1,0,0.25,0.733333333,0.714285714,1,1,1,0.419354839,0,1,1,0.766666667,NA,1,0,1,0.5,1,0,NA,0.666666667,0.458333333,0.636363636,1,NA,0.5625,NA,1,0.9,1,1,0,0.625
354,1,1,1,1,1,1,1,1,1,1,1,1,1,1,1,0.960784314,1,1,1,1,1,NA,1,1,1,1,0.375,1,1,1,1,1,1,1,1,1,1,NA,1,1,1,1,1,1,1,1,1,0.777777778,1,1
355,NA,1,1,1,1,1,1,1,1,1,1,0.888888889,1,1,1,1,1,1,1,1,1,1,0.857142857,1,1,1,1,1,1,1,1,0.933333333,0.75,1,1,1,NA,1,0.875,1,1,1,1,1,1,1,1,1,NA,1
356,NA,NA,1,1,1,NA,1,1,1,1,1,1,NA,1,NA,1,1,1,1,1,NA,NA,1,1,1,1,1,1,1,1,1,1,NA,1,NA,1,1,1,1,NA,1,1,1,1,1,NA,1,1,1,1
357,NA,NA,1,1,1,NA,1,1,1,1,1,1,NA,1,NA,1,1,1,1,1,NA,NA,1,1,1,1,1,1,1,1,1,1,NA,1,NA,1,1,1,1,NA,1,1,1,1,1,NA,1,1,1,1
358,NA,NA,1,1,0.979591837,NA,1,1,1,1,1,1,NA,1,NA,1,1,1,1,1,NA,NA,1,1,1,1,1,1,0.944444444,1,1,1,NA,1,NA,1,1,1,1,NA,1,1,1,1,1,NA,1,1,1,0.964285714
359,1,1,NA,1,1,1,1,1,1,1,1,NA,1,NA,0.975609756,1,1,NA,1,1,1,1,1,1,0.956521739,1,NA,1,1,1,1,1,1,1,NA,1,1,0.75,1,1,0.976744186,1,1,1,1,1,1,1,1,1
360,0,0,0.666666667,0,0,NA,0.095238095,NA,0,1,NA,0.588235294,0,0.714285714,0,0.125,NA,0.619047619,1,0.833333333,NA,1,0,NA,0,0.838709677,0.615384615,0.4,0.5,1,0,0.787878788,0.2,0.476190476,1,0,0.2,0.5,1,0,0,1,0.111111111,0.588235294,0,0,0.375,0.8125,0.022727273,NA
361,1,NA,0.272727273,NA,0.428571429,NA,0.368421053,0,NA,1,0,0.6,0.083333333,1,0.875,NA,NA,0,0,0.333333333,0.076923077,NA,0,0.8125,NA,0.272727273,0,0.166666667,0,1,0,0.076923077,1,0.545454545,NA,NA,NA,1,0.461538462,0.875,0,1,0.363636364,0,NA,1,0.166666667,0.461538462,NA,0
362,1,1,1,1,1,1,1,1,NA,1,1,1,1,1,1,1,NA,1,1,1,1,NA,1,1,1,0.8,1,1,1,1,1,1,NA,1,1,1,0.916666667,1,1,1,1,1,1,1,1,NA,0.954545455,0.875,NA,1
363,1,1,1,1,1,NA,1,NA,1,0.965517241,1,1,1,1,1,1,1,1,1,1,1,1,1,1,1,1,1,1,1,1,1,1,1,1,1,NA,1,1,1,1,1,1,1,1,1,1,1,1,1,1
364,1,0,1,1,0.875,NA,NA,0,0.666666667,0.875,0,0.9,NA,0.846153846,0.5,0.625,1,0.333333333,0,1,0.75,1,0,0.5,0,1,1,0,0.941176471,NA,1,0.857142857,1,0.5,1,NA,0,0.666666667,0.1875,0.333333333,1,0.5,0.833333333,0.333333333,0,0.944444444,1,0.75,0.954545455,0.846153846
365,1,0.5,1,1,1,1,1,1,1,1,NA,1,1,1,1,1,NA,1,1,1,1,1,1,1,1,1,1,1,1,1,1,1,1,1,1,1,1,1,1,1,1,1,1,1,1,1,1,0.75,1,1
366,1,1,1,1,0.571428571,1,1,1,1,1,1,1,1,0.962264151,1,1,1,1,1,1,1,1,1,NA,1,0.952380952,0.892857143,1,1,NA,1,1,1,1,1,1,1,1,1,1,1,1,1,1,1,1,0.962962963,0.783783784,1,1
367,0,NA,0.5625,0,0.705882353,0.125,0.375,NA,0,0.4,NA,0.625,0,0.157894737,0.133333333,0.166666667,0.411764706,0.1875,0.823529412,NA,0,0,0.5,1,0,0.375,0.588235294,0.5,0.583333333,0,0,0.578947368,0.454545455,0.571428571,0,0.227272727,0.789473684,0,0.181818182,0,0,0.5,0.583333333,0.103448276,0.058823529,0,0.444444444,0.47826087,0.106060606,1
368,0.913043478,0.333333333,0.333333333,NA,NA,1,0.323076923,0.647058824,0.847457627,0.666666667,1,0.216216216,0,0.391304348,1,0.828571429,1,0.470588235,0.884615385,0.571428571,NA,0,0.772727273,1,1,0.357142857,0.125,1,1,0,0.777777778,0.4,0.772727273,0.710526316,1,1,NA,1,0.457142857,0,1,0.153846154,1,0,1,0.75,0.5625,0.321428571,1,1
369,1,1,1,1,1,1,NA,1,NA,1,1,1,1,1,1,1,1,1,1,1,1,1,1,1,0.9,1,1,1,0.928571429,0.6,1,1,1,1,1,1,NA,1,1,NA,1,NA,NA,1,1,1,1,1,1,1
370,0,NA,0.192307692,0,0.5,1,0,NA,0,0.2,1,0.272727273,0,0.375,0,0,0,0,0.933333333,0.166666667,0.142857143,NA,1,0.052631579,1,0.5,0.523809524,0,0.333333333,NA,0.25,0.111111111,1,0.166666667,NA,1,0.055555556,1,1,0.666666667,0.533333333,0.666666667,0.166666667,0.076923077,0.461538462,0,0.111111111,0.333333333,0.111111111,0
371,0.8,1,1,1,1,1,1,1,1,1,1,1,1,0.958333333,1,1,1,1,0.978723404,1,1,NA,1,NA,1,1,1,NA,1,NA,1,1,1,1,NA,1,1,1,1,1,1,1,1,1,1,0.928571429,1,1,1,0.909090909
372,1,NA,NA,NA,0.285714286,1,0,1,NA,0.166666667,0.904761905,NA,1,NA,0.7,0.5,NA,NA,0,0,0.636363636,NA,0.888888889,0,1,1,NA,1,0.625,NA,NA,1,1,0.8,NA,1,0,0.826086957,0.647058824,0.5,0,0,0.571428571,NA,0.052631579,0.666666667,NA,1,1,NA
373,0,NA,0.285714286,1,0.285714286,0,1,0.516129032,NA,0.090909091,1,0.714285714,0.612903226,0.6,NA,1,0,0.5,0,0.384615385,0.818181818,NA,0.8,0.6,NA,0.461538462,0,1,0,NA,1,0.666666667,0,0.333333333,0,0,0.1,1,0.37037037,0,0.56,0.363636364,1,1,0.6,0,0.636363636,0,1,0.965517241
374,1,NA,1,1,1,NA,1,1,NA,1,1,1,1,1,1,1,1,1,1,1,1,NA,1,1,1,1,1,1,1,1,1,1,1,1,NA,NA,1,1,1,1,1,1,1,1,1,NA,1,1,NA,1
375,1,NA,1,1,1,1,1,1,NA,1,1,1,1,1,1,1,1,1,1,1,1,NA,1,1,1,1,1,1,1,NA,NA,1,NA,1,NA,NA,1,1,1,0.987012987,1,1,1,1,NA,NA,0.857142857,1,1,1
376,1,NA,1,1,1,1,1,1,1,1,1,1,1,1,1,1,1,1,0.954545455,1,1,1,1,1,1,1,1,1,1,NA,1,1,1,1,1,NA,1,1,NA,NA,1,1,1,1,1,1,1,1,1,1
377,1,NA,1,1,1,1,1,1,1,1,1,1,1,1,1,1,1,1,1,0.928571429,1,1,0.857142857,1,1,1,1,1,1,NA,1,1,1,1,1,NA,1,1,NA,NA,1,1,1,1,1,1,1,1,1,1
378,1,NA,0.9,1,1,1,1,1,1,1,1,1,1,1,1,1,1,1,1,1,1,1,1,1,1,1,1,1,1,NA,1,1,1,1,1,NA,1,1,NA,NA,1,1,1,1,1,1,1,1,1,1
379,1,NA,1,1,1,1,1,1,1,1,1,1,1,1,1,1,1,1,1,1,0.971428571,1,1,0.965517241,1,1,1,1,1,NA,1,1,1,1,1,NA,1,1,NA,NA,1,1,1,1,1,1,1,1,1,1
380,NA,NA,1,1,1,1,1,NA,NA,0.928571429,1,1,1,1,1,NA,NA,1,1,1,1,1,NA,1,1,1,1,1,1,1,1,0.958333333,NA,1,NA,NA,1,1,1,1,1,1,1,NA,NA,NA,1,1,1,1
381,NA,1,1,NA,1,1,1,1,1,1,1,1,1,1,1,NA,1,0.916666667,1,1,1,NA,1,1,1,1,1,1,1,NA,1,1,1,1,0.5,NA,NA,1,1,1,1,1,1,NA,1,1,0.952380952,1,NA,1
382,1,1,1,1,1,1,1,NA,1,1,NA,1,1,0.975609756,1,1,1,1,1,1,1,1,1,1,1,1,1,1,1,1,1,1,1,1,1,1,NA,1,1,1,1,1,1,1,0,1,1,1,1,1
383,1,NA,1,1,1,1,1,1,1,1,1,1,1,1,1,1,1,1,NA,1,1,NA,1,1,0.8,1,1,1,1,1,1,1,NA,1,1,0.428571429,1,1,1,1,1,1,1,1,1,1,1,1,0.583333333,1
384,1,0,0.705882353,NA,0.5,NA,0.333333333,1,NA,0,1,0.785714286,0.090909091,0.714285714,0.714285714,1,0,0.5,0.866666667,0.625,0.777777778,NA,0.384615385,0,1,0.135135135,0.142857143,0.5,1,NA,0.5,0.285714286,0.8,0.166666667,NA,NA,0,1,1,1,0,0.333333333,0.2,0.571428571,0,0.6,0.5,0.333333333,0.666666667,NA
385,0.857142857,NA,0.625,0.5,NA,NA,0.647058824,0,0,1,NA,0.857142857,0.818181818,0.833333333,1,0,0.8,0.714285714,0.909090909,0.666666667,0,NA,0,NA,0,0.705882353,1,0.2,0.25,NA,0,1,0.222222222,1,NA,NA,1,0.4,0,0,0.181818182,1,1,1,0,0,1,0.857142857,0,0.636363636
386,1,1,1,1,1,1,1,1,1,NA,1,1,NA,1,1,1,1,1,1,1,1,1,1,1,1,0.9375,1,1,1,1,1,1,1,1,1,1,1,1,0.980392157,1,1,1,1,1,1,1,1,1,1,1
387,1,1,1,1,1,1,0.962962963,0.5,1,NA,1,1,NA,0.941176471,1,1,1,1,1,1,1,1,1,1,1,1,1,1,1,1,1,1,1,1,1,1,1,1,1,1,1,1,0.954545455,1,1,1,1,1,1,1
388,1,1,1,1,1,1,1,1,1,NA,1,1,NA,1,1,1,1,1,1,1,0.833333333,1,1,1,1,1,1,1,1,1,1,1,1,1,1,1,1,1,1,1,0,1,1,1,1,1,1,1,1,1
389,1,NA,1,1,1,NA,1,1,NA,1,1,0.5,1,1,1,1,NA,1,1,1,1,NA,1,NA,1,1,1,1,1,NA,1,1,1,1,NA,NA,NA,1,1,1,1,1,1,1,1,1,1,1,NA,1
390,0.727272727,1,1,0.4,0.083333333,0.821428571,0,NA,1,0.823529412,0,0.75,0.833333333,1,1,1,1,1,0.047619048,1,0,0.875,0.857142857,0.833333333,0.727272727,0.666666667,0.454545455,1,1,0,0.967741935,1,0.882352941,0.833333333,0.894736842,1,1,0,0.454545455,1,0.277777778,1,0.7,1,0,0.966666667,0.666666667,1,1,0.952380952
391,1,1,1,1,1,NA,1,NA,1,1,1,1,NA,1,1,1,1,1,1,1,1,1,1,1,1,1,0.733333333,1,1,NA,1,1,1,1,1,NA,1,1,NA,1,1,1,1,1,1,NA,1,1,1,1
392,1,0.6,0.714285714,0.875,1,NA,0,NA,1,0.285714286,0,0.5,NA,1,1,0.8,1,0.75,0.05,0.333333333,0.375,1,0.2,1,1,0.666666667,0.533333333,0.476190476,1,NA,1,0.133333333,1,0.473684211,1,NA,1,1,NA,1,0.555555556,1,1,1,1,NA,1,0.818181818,1,0.1
393,1,NA,0.65,1,1,NA,0,0,1,0.923076923,0.4,0.176470588,0.535714286,0.666666667,NA,0.75,0,0.444444444,0.642857143,0.761904762,1,NA,NA,0.65,0.25,0.476190476,0.780487805,0.476190476,1,NA,0.833333333,0.807692308,0.833333333,0,NA,0,NA,0.285714286,0.69047619,0.8,1,0.44,0.633333333,0,0,0.571428571,0,0.65,NA,1
394,0.5,NA,1,NA,1,1,NA,0.5,1,1,1,1,1,1,1,NA,1,1,1,1,NA,1,1,1,1,1,1,1,NA,NA,1,1,1,0.928571429,1,1,NA,1,1,1,1,1,1,1,1,1,0.75,1,1,1
395,0,1,1,1,1,1,1,1,1,1,1,1,1,1,NA,NA,1,NA,1,1,1,1,1,1,0,1,1,1,0.875,1,1,1,1,1,1,1,1,1,1,1,1,1,NA,NA,1,1,1,1,1,1
396,1,1,1,1,1,1,1,1,1,1,1,1,1,1,NA,NA,1,NA,1,1,1,1,1,1,1,1,1,1,0.875,1,1,1,1,1,0.75,1,1,1,1,1,1,1,NA,NA,1,1,1,1,1,0.5
397,1,1,1,1,1,1,1,1,1,1,1,1,1,1,NA,NA,1,NA,1,1,1,1,1,1,1,1,0.916666667,1,1,1,1,1,1,1,1,1,1,1,1,1,1,1,NA,NA,1,1,1,1,1,1
398,1,1,1,1,1,1,1,1,1,1,1,1,1,1,NA,NA,1,NA,1,1,1,1,1,1,1,1,1,1,0.875,1,1,1,1,1,1,1,1,1,1,1,1,1,NA,NA,1,1,1,0.875,1,1
399,1,1,0.5,1,1,1,1,1,1,1,1,1,1,1,NA,NA,1,NA,1,1,1,1,1,1,1,1,1,1,1,0.96969697,1,1,0,1,1,1,1,1,1,1,1,1,NA,NA,1,1,1,1,1,1
400,1,1,1,1,1,1,1,1,1,1,1,1,1,1,NA,NA,1,NA,1,1,1,1,1,1,1,1,1,1,1,0.96875,1,1,1,1,1,1,1,1,1,1,1,1,NA,NA,1,1,1,1,0.833333333,1
401,1,1,1,1,1,0.5,1,0.75,1,1,1,1,1,1,NA,NA,1,NA,1,1,1,1,1,1,1,1,1,1,1,1,1,1,1,1,1,1,1,1,1,1,1,1,NA,NA,1,1,0.923076923,1,1,1
402,1,1,1,1,1,1,1,NA,1,1,NA,1,1,1,1,1,1,0.789473684,1,1,1,1,1,1,1,1,1,1,1,NA,1,1,1,1,1,1,NA,1,1,NA,1,1,1,0.914893617,1,1,1,1,1,1
403,1,1,1,1,1,1,1,1,1,1,1,1,1,1,1,1,1,1,1,1,1,NA,1,1,1,1,1,1,1,NA,1,1,1,1,1,1,1,1,1,1,1,1,1,1,1,1,1,1,1,0.928571429
404,0,1,0.636363636,1,0,0,1,1,0.333333333,1,1,1,1,1,0,0.333333333,0,1,1,0,0.5,NA,0.176470588,1,1,1,1,1,0.24,1,0.054054054,0.933333333,0.129032258,0.8,0.6,0.272727273,NA,0.666666667,0.894736842,0.45,0.285714286,0.166666667,NA,1,1,0.173913043,1,1,0,1
405,1,0.833333333,NA,1,1,1,1,NA,1,1,1,1,1,1,1,1,1,1,1,1,1,1,1,1,1,1,1,1,1,NA,1,1,1,1,NA,1,1,1,1,1,1,1,1,1,1,NA,1,1,NA,1
406,0,0,0.4,1,0.45,NA,0.8,NA,0,0.761904762,0,0.823529412,0.648648649,0.807692308,0,0.222222222,0,0.789473684,1,0.777777778,1,1,0,1,NA,1,1,0.1,0.928571429,NA,0.25,0.888888889,1,0.961538462,0,NA,0,0.666666667,NA,0,0.52,0.777777778,0.142857143,0.475,1,NA,0.217391304,0.333333333,0,0.038461538
407,0,0,0.285714286,NA,0.166666667,0,0.333333333,0,0,0.222222222,0.105263158,0.3,0.714285714,0.5,0,0.303030303,0.263157895,0.625,0.227272727,NA,0.090909091,NA,0,0.083333333,0.444444444,0.466666667,0,0.789473684,0,NA,0,0,0.2,0.466666667,0,1,0,0.636363636,0.483870968,0.739130435,0.222222222,0,0.2,0,0.846153846,0.066666667,0.2,0,NA,0
408,1,1,1,1,1,1,1,1,1,1,1,1,1,1,1,1,1,1,NA,1,1,1,1,1,1,1,1,1,1,1,1,1,1,1,1,1,1,1,1,1,1,1,1,1,1,1,1,1,1,1
409,1,1,1,1,1,NA,1,1,1,1,1,1,1,NA,1,1,1,1,1,1,0.933333333,NA,1,1,1,1,1,1,1,NA,1,1,1,1,1,1,1,1,1,1,1,1,1,NA,0.5,1,1,1,1,1
410,0,0,0.833333333,0.25,1,NA,0.75,0.958333333,0.625,0.75,0,0,0.4375,0.727272727,0.111111111,0.75862069,0.230769231,0.97826087,0.88,NA,0.1,NA,0.470588235,0,0.976744186,0.5,1,0.5,0.411764706,NA,0.142857143,0.6,0.514705882,0.8,0.555555556,1,1,0.8,0.75,1,0.25,NA,0.882352941,1,1,0.403508772,0.833333333,0.846153846,0.916666667,0.454545455
411,NA,NA,0.466666667,1,0.833333333,NA,1,1,0.8,0.428571429,1,0.375,0.619047619,0.5,0.19047619,0.086956522,1,0.615384615,1,0,0.0625,NA,1,0.153846154,1,0.631578947,0.071428571,1,NA,NA,0.333333333,1,0.333333333,0.166666667,NA,1,NA,1,1,1,0.666666667,0.727272727,0.696969697,0.434782609,1,0.545454545,0.333333333,0.066666667,NA,0.472222222
412,NA,1,0.944444444,0.111111111,0.25,0,0,0,NA,1,0,0.75,1,0.8,0,1,NA,0.4375,1,0.833333333,0.857142857,NA,NA,0.111111111,0,0.631578947,1,NA,1,NA,0.333333333,0.769230769,1,0,NA,NA,1,0.162162162,0,0,1,0.290322581,0.666666667,0.833333333,0,NA,0,0.9,NA,0.666666667
413,0,NA,0.942857143,0,0.714285714,0,1,0,0,1,NA,0.896551724,NA,0.956521739,0,0.153846154,0,0.941176471,0.8,0.2,0,NA,0,0,0.875,0.962264151,0.952380952,1,0,0,0,0.703703704,0.571428571,0.944444444,NA,0,0,1,0.5,0,0,0.9,0,0.916666667,NA,0,0.9,0.95,0,0
414,1,1,0.611111111,NA,1,NA,0.916666667,NA,NA,0.5,0.166666667,0.058823529,0.111111111,0.357142857,1,1,1,0.583333333,0,1,0.857142857,NA,0.605263158,1,0.826086957,0.75,0.777777778,1,1,NA,0.823529412,0.714285714,0.928571429,1,1,1,0,0.533333333,0.166666667,0,1,0.769230769,1,1,0.7,0.857142857,0.666666667,0.117647059,1,1
415,1,1,0.25,1,0.222222222,1,1,0,0.9,0.5,0,0.2,1,0.625,1,1,1,1,NA,0.125,0.5,0,1,1,0.217391304,1,0.875,1,1,0.333333333,1,0.904761905,1,0,1,1,0.8125,0.625,0.148148148,0.066666667,0.166666667,NA,1,0.162162162,0,1,1,0.2,1,NA
416,1,1,1,1,1,NA,1,1,1,NA,1,1,1,1,1,1,1,1,1,1,1,NA,1,1,1,1,1,1,1,NA,1,1,1,1,NA,NA,1,NA,1,1,1,1,1,1,NA,1,1,1,1,0.947368421
417,1,1,1,1,1,NA,1,1,1,NA,1,1,1,1,1,1,1,1,1,1,1,NA,1,1,1,1,1,1,1,NA,1,1,1,1,NA,NA,1,NA,0.888888889,1,1,1,1,1,NA,1,1,1,1,1
418,1,1,0.9,1,1,NA,1,1,1,NA,1,1,1,1,1,1,1,1,1,0.933333333,1,NA,1,1,1,1,1,1,1,NA,1,1,1,1,NA,NA,1,NA,1,1,1,1,1,1,NA,1,1,1,1,1
419,1,1,1,1,1,NA,1,1,1,NA,1,1,0.974358974,1,1,1,1,1,1,1,1,NA,1,1,1,1,1,1,1,NA,1,1,1,1,NA,NA,1,NA,1,1,1,1,1,0,NA,1,1,1,1,1
420,0.233333333,NA,0.775862069,0,0.735294118,NA,0.875,0.096774194,0,0,0.473684211,0.894736842,0,0.98,0,0.133333333,0.423728814,0.740740741,1,0,0.4,1,0,0,0.892857143,0.966101695,0.947368421,0,0,1,0,0.878787879,0.307692308,0.804878049,NA,0,0,0,1,0.909090909,0,0.822222222,0,1,0,0,0.931034483,0.930693069,0,0
421,1,1,0.6,1,0.5,0,0.260869565,1,NA,0.666666667,0.888888889,1,0.09375,0.5,0,0.666666667,1,0.888888889,0.288888889,1,0.8,NA,NA,0.714285714,NA,0.869565217,0.666666667,1,NA,NA,0.333333333,0.769230769,0,0.666666667,1,NA,0,1,1,1,0.625,0.5,0,0,NA,1,0.125,0.666666667,NA,0.88
422,1,1,1,1,1,1,1,1,1,1,1,1,1,0.931034483,1,1,1,0.928571429,1,1,1,1,1,1,1,1,0.090909091,1,1,1,1,0.941176471,1,1,0.973684211,NA,NA,1,1,1,1,1,0.98630137,NA,1,1,1,1,1,1
423,1,1,0.769230769,0.846153846,0.75,1,0,0,1,0.307692308,1,0.166666667,0.818181818,0.416666667,1,1,0.411764706,0.75,0.818181818,0.4,1,0.714285714,1,NA,1,0.333333333,0.285714286,1,0.888888889,0.689655172,0.888888889,0.461538462,0.75,0.416666667,1,1,0,0.333333333,0,NA,0.916666667,0,1,0,1,1,0.1875,0.833333333,NA,0.75
424,1,1,0.888888889,NA,NA,1,1,NA,NA,1,1,1,1,1,1,1,NA,1,1,1,NA,1,1,0.909090909,1,1,1,1,1,1,1,1,1,1,0.5,1,1,1,1,1,0.8,1,1,1,1,1,1,1,1,1
425,1,NA,0.666666667,1,0,1,1,1,1,0.4,0.941176471,0.666666667,1,1,1,0.941176471,NA,1,NA,0.5,0.333333333,NA,1,0,NA,1,1,NA,1,NA,1,0,1,1,1,1,1,NA,1,0.833333333,0.166666667,0.5,1,0,0.5,1,0.666666667,0.666666667,0.666666667,0.428571429
426,0,0,0.266666667,0.405405405,0.592592593,NA,1,1,0.666666667,0.5,1,0.29787234,0,0.571428571,NA,0.0625,0,0.709677419,0.826086957,0.708333333,0.5,0.352941176,1,0.975,1,0.25,0.529411765,1,0.272727273,1,0,0.619047619,NA,0.815384615,NA,NA,1,1,0.770833333,1,0.142857143,0.555555556,1,0,1,0,0.32,0.714285714,NA,0.552631579
427,1,1,1,1,1,NA,1,1,1,1,1,1,1,0.793103448,NA,1,1,1,1,0.916666667,1,1,1,1,1,1,0.956521739,1,1,1,0.2,1,NA,1,NA,NA,1,1,1,1,0.857142857,1,1,1,1,1,1,0.85106383,NA,1
428,1,0,0.875,0,1,1,0.166666667,NA,0.111111111,NA,NA,1,0.923076923,0.5,1,1,1,0,0.290322581,NA,1,NA,1,0.714285714,1,0.769230769,0.65,0.833333333,0.5625,NA,1,0.666666667,1,0.5,1,1,0,1,0.833333333,1,0.444444444,0.75,0.447368421,1,0.9,0.75,1,1,0,0.333333333
429,1,1,0.8,0,0.785714286,NA,1,1,NA,0,0.882352941,0.35,0.6,0.4,0.333333333,1,1,0.5,1,0.666666667,0.111111111,NA,1,1,NA,0.769230769,1,0.866666667,0,NA,NA,0.379310345,NA,0.555555556,NA,NA,1,0.692307692,0.433333333,0.1,0.6,0.833333333,0.7,1,0.633333333,1,0.5,0.888888889,0,0.125
430,1,NA,1,NA,1,NA,1,1,NA,1,1,1,1,1,1,1,1,1,1,1,1,NA,NA,1,1,1,1,1,1,NA,1,1,1,1,NA,NA,1,1,1,1,1,1,1,NA,NA,1,1,1,1,1
431,1,NA,1,1,1,1,1,NA,1,1,1,1,1,1,1,1,1,1,1,1,1,NA,1,1,1,1,0.947368421,1,1,NA,1,1,1,1,NA,1,1,1,1,1,1,1,1,NA,1,1,1,1,1,1
432,1,NA,1,1,1,1,1,NA,1,1,1,1,1,1,1,1,1,1,1,1,1,NA,1,1,1,1,1,1,1,NA,1,1,1,1,NA,1,1,1,1,1,1,1,1,NA,1,0.916666667,1,1,1,1
433,1,NA,1,1,1,1,1,NA,1,1,1,1,1,1,1,1,1,1,1,1,1,NA,1,1,1,1,1,1,1,NA,1,1,1,1,NA,1,1,1,1,1,1,1,0.666666667,NA,1,1,1,1,1,1
434,1,1,1,1,0.266666667,0,1,0.928571429,0.666666667,1,0,1,0.625,NA,0,0.384615385,1,NA,0,1,0.909090909,1,0.923076923,0,1,0.625,NA,0,1,0,0.727272727,0.25,0.666666667,0.692307692,0.181818182,NA,1,0.714285714,0.782608696,0.545454545,1,0.25,0,NA,0.739130435,0.8,0.285714286,NA,NA,0
435,1,1,0.304347826,0,0.710526316,0.644067797,0.066666667,NA,1,0.588235294,NA,0.222222222,0.6875,0.379310345,1,0.945945946,0.75862069,0.176470588,0.033333333,0,0.363636364,0,0.315789474,0.333333333,0.583333333,0.7,0,0.357142857,0.37037037,NA,0.964285714,0.5,0.875,0.538461538,1,0,NA,0,0,0,0,0.785714286,0.681818182,0,0.310344828,0.88,0.454545455,0,0.875,0
436,0,0.777777778,0.714285714,0.684210526,0.8,0.8,0.958333333,0.090909091,0.4,0.4,0,0.777777778,0.6875,1,0,0,0,1,0,1,0.714285714,1,0.125,0.545454545,0,0.882352941,1,0.533333333,0,1,0.142857143,0.428571429,0.333333333,1,0,0,NA,NA,0,0,0,1,0,1,1,0.3,0.857142857,0.75,0,NA
437,NA,0.75,0.428571429,1,0.296296296,NA,0.333333333,1,0,1,1,0.1,1,0.8,NA,0,NA,0.5,1,NA,1,NA,1,0,1,0.5,0.2,1,NA,1,0,0.666666667,0.363636364,1,NA,1,1,1,1,0.222222222,1,1,0.6,0,1,0.125,1,0.666666667,0.5,1
438,0.75,0.1,0.954545455,0.518518519,0.952380952,0.881355932,1,0.142857143,0,1,0,1,1,1,0,0.035714286,0,0.666666667,0.891891892,0.5,0.333333333,0.2,0,0.8,0.8,0.727272727,1,0.807692308,0,1,0.292682927,0.866666667,0,0.941176471,0.407407407,0,0,0,0,0,0,0,0.566666667,1,1,0.2,0.428571429,0.698113208,0,0
439,1,NA,1,1,0.9375,1,1,1,NA,1,1,1,1,NA,1,1,1,1,1,1,1,1,1,1,1,1,1,1,1,NA,NA,1,1,1,NA,NA,NA,1,1,1,1,1,1,1,1,1,1,1,NA,1
440,1,NA,0.875,NA,1,NA,1,1,1,1,1,0.923076923,NA,1,1,1,1,1,1,1,1,NA,NA,NA,1,1,1,1,1,NA,NA,1,NA,1,NA,1,0.5,1,1,1,1,1,1,1,NA,1,1,1,NA,1
441,0.962962963,NA,1,0,0.588235294,NA,0.965517241,0.350877193,1,1,0.089552239,1,1,1,1,0.894736842,0.3,1,0.884615385,0.727272727,0.184210526,1,0.363636364,0,0,0.94,0.980769231,0.076923077,1,NA,0.75,1,0.977777778,0.962962963,NA,1,1,0.465346535,0.119402985,0.024691358,1,1,0,1,0.652173913,1,1,1,0.818181818,1
442,0.9,1,0.621621622,0.055555556,0.535211268,NA,0.333333333,NA,1,0.5,0,0.30952381,1,0.534482759,NA,1,NA,0.5,NA,0.866666667,0,0,NA,0,1,0.526315789,0.181818182,0.833333333,NA,NA,0.035714286,0.342105263,0.75,0.84,NA,1,0,1,0.772151899,1,1,0.472222222,0.93220339,NA,NA,NA,0.415584416,0.764705882,0,1
443,0.9,1,0.594594595,0.055555556,0.535211268,NA,0.333333333,NA,1,0.5,0,0.30952381,1,0.534482759,NA,1,NA,0.5,NA,0.866666667,0,0,NA,0,1,0.526315789,0.151515152,0.833333333,NA,NA,0.035714286,0.342105263,0.75,0.84,NA,1,0,1,0.772151899,1,1,0.472222222,0.644067797,NA,NA,NA,0.415584416,0.352941176,0,1
444,0.8,0,0,0.592592593,0.666666667,1,0.8,NA,1,0,1,0,0.105263158,0,1,1,1,0.6,NA,NA,0.090909091,NA,1,0.5,1,0.25,0.090909091,1,1,NA,1,0.166666667,1,0,1,0,1,NA,0.619047619,0.7,1,0.0625,1,0,0,1,0.571428571,0,1,0.304347826
445,1,1,1,1,1,1,1,1,NA,1,1,1,1,0,1,1,NA,1,NA,1,1,NA,1,1,1,0.956521739,1,1,1,NA,1,1,1,1,NA,1,NA,1,1,1,1,1,1,NA,1,1,1,1,1,1
446,1,1,1,1,1,1,1,NA,1,1,NA,1,1,1,1,1,NA,1,1,1,NA,1,1,1,1,1,1,1,1,1,1,1,1,1,1,NA,1,1,1,1,1,1,1,1,1,1,1,1,1,1
447,1,0,1,1,1,0.4375,1,1,0.685714286,0.2,1,0.739130435,0,1,0.476190476,0.822222222,0.666666667,1,0.983050847,1,1,1,1,1,1,1,0.636363636,1,0.518518519,1,0.636363636,1,0.62962963,0.678571429,0.777777778,1,0,0.571428571,0.9,NA,0.5,0.041666667,1,1,0.5,0.696969697,0.846153846,1,1,1
448,0,1,0.965517241,0,1,0,1,0,0,0.833333333,0,1,0.153846154,1,NA,0.181818182,NA,1,0.4,0,0.125,NA,0,0.75,0,0.916666667,1,0.333333333,0,NA,0,0.666666667,0.25,0.555555556,NA,0,1,0,0,0,0,0.615384615,0.225806452,1,0.04,0,0.8,0.9375,NA,0.647058824
449,1,NA,0.92,1,1,NA,1,1,NA,1,1,0.931034483,1,1,NA,1,1,1,1,1,1,NA,1,1,1,1,1,1,1,NA,1,1,1,1,NA,1,1,1,0.921052632,1,1,1,1,1,1,1,1,1,NA,1
450,0.571428571,NA,1,NA,1,NA,1,0,NA,1,0.307692308,1,0.6,0.875,0.608695652,0.5625,0.333333333,1,NA,0.5,0.111111111,1,0.5,1,1,1,1,0.8125,0.875,NA,0.708333333,1,0.71875,0.857142857,1,NA,1,0.75,0.555555556,0.5,0.333333333,1,0.714285714,1,0.2,0.608695652,1,0.75,0.8125,0.8
451,0.450980392,NA,0.450980392,1,1,0,1,NA,0.176470588,0.777777778,0,0.585365854,0,0.333333333,0.161290323,0.360655738,0,0.442622951,NA,1,0,NA,1,NA,1,0.303030303,0,0.8,0.461538462,NA,0.090909091,0.434782609,0.054054054,1,0.333333333,0,NA,0.823529412,0.928571429,0,1,0.034482759,0,0,0.75,0.2,1,0.384615385,0,0.8
452,0.976190476,1,0.642857143,NA,NA,1,1,1,1,0.8,1,0,NA,0.555555556,1,1,0.916666667,0.625,0.347826087,0.727272727,0.285714286,NA,0.896551724,0,0.95,0.6,0.75,0.75,1,NA,1,1,1,0.2,1,1,0,1,0.684210526,0.963636364,NA,0.90625,1,0,1,1,0.666666667,0.555555556,1,NA
453,1,NA,1,1,1,NA,0.666666667,1,NA,1,1,1,1,1,1,1,1,1,1,1,1,1,1,1,1,1,1,1,1,NA,1,0.722222222,1,1,NA,1,1,1,1,1,1,1,0.666666667,1,1,1,1,1,NA,1
454,1,NA,1,1,1,NA,1,1,NA,1,1,1,1,1,1,1,1,1,1,1,1,1,1,1,1,1,1,1,1,NA,1,1,1,1,NA,1,1,1,1,1,1,1,1,1,1,1,1,0.823529412,NA,1
